epoch,train_loss,train_acc,val_acc
1,4.144816875457764,0.45963865518569946,0.4336722493171692
2,2.5731215476989746,0.5142784714698792,0.5446826815605164
3,2.2208619117736816,0.5898329615592957,0.5969998836517334
4,1.9700946807861328,0.6045897603034973,0.6001543402671814
5,1.8912500143051147,0.6329158544540405,0.6415987014770508
6,1.7832189798355103,0.6409649848937988,0.6503909230232239
7,1.7407618761062622,0.6546552181243896,0.6595187783241272
8,1.6858056783676147,0.6596364378929138,0.6553575396537781
9,1.657017707824707,0.666498064994812,0.6651565432548523
10,1.619981288909912,0.6657503247261047,0.6702909469604492
11,1.601658582687378,0.670852541923523,0.6725728511810303
12,1.5678448677062988,0.6777471303939819,0.6713647842407227
13,1.5492609739303589,0.6793745160102844,0.6746199131011963
14,1.5482617616653442,0.6820575594902039,0.6806939840316772
15,1.5164083242416382,0.6853014230728149,0.6835464239120483
16,1.5041707754135132,0.6866649985313416,0.6833115220069885
17,1.4907852411270142,0.6879185438156128,0.6853585243225098
18,1.4842948913574219,0.6917561888694763,0.6866673231124878
19,1.4584122896194458,0.6926908493041992,0.686432421207428
20,1.4492027759552002,0.6939883828163147,0.6886137127876282
21,1.4431135654449463,0.6961986422538757,0.6936138272285461
22,1.4269165992736816,0.6958907246589661,0.6971374750137329
23,1.4340001344680786,0.6965395212173462,0.6971374750137329
24,1.417144536972046,0.6977601051330566,0.6951910853385925
25,1.4071874618530273,0.7004871368408203,0.692741334438324
26,1.4016276597976685,0.7005420923233032,0.6922379732131958
27,1.39591383934021,0.7024224400520325,0.6972381472587585
28,1.380667805671692,0.7021365165710449,0.6989160180091858
29,1.384102702140808,0.7032801508903503,0.7002919316291809
30,1.376948595046997,0.7040718793869019,0.699251651763916
31,1.3720955848693848,0.7029832601547241,0.6950904130935669
32,1.366938829421997,0.7031481862068176,0.6943857073783875
33,1.3595335483551025,0.7036430239677429,0.69905024766922
34,1.3510290384292603,0.7044457197189331,0.7008959650993347
35,1.3481547832489014,0.7052154541015625,0.7013322114944458
36,1.3459181785583496,0.7058862447738647,0.69962078332901
37,1.3479665517807007,0.7068098783493042,0.7006275057792664
38,1.3401683568954468,0.7068318724632263,0.7011644244194031
39,1.342761754989624,0.7068428993225098,0.7011308670043945
40,1.3287042379379272,0.707139790058136,0.7027081251144409
41,1.3309792280197144,0.7083933353424072,0.7031779289245605
42,1.3318194150924683,0.7095589637756348,0.7046209573745728
43,1.3289741277694702,0.7097348570823669,0.7048558592796326
44,1.3192954063415527,0.7098448276519775,0.7030436992645264
45,1.317061185836792,0.709679901599884,0.7011644244194031
46,1.3181326389312744,0.7094709873199463,0.7026074528694153
47,1.3170950412750244,0.7100537419319153,0.7045873999595642
48,1.3165695667266846,0.7105485796928406,0.7044195532798767
49,1.312270998954773,0.7112083435058594,0.703144371509552
50,1.315159559249878,0.7115602493286133,0.7038155198097229
51,1.3041132688522339,0.7114942669868469,0.7053927779197693
52,1.3031961917877197,0.7111533880233765,0.7057619094848633
53,1.3070813417434692,0.7114062905311584,0.7057619094848633
54,1.3094803094863892,0.711692214012146,0.7045202851295471
55,1.2992295026779175,0.7125058770179749,0.7044867277145386
56,1.2942146062850952,0.7127038240432739,0.7065001726150513
57,1.2977304458618164,0.7127478122711182,0.7071378231048584
58,1.296044111251831,0.7131106853485107,0.7063995003700256
59,1.2960530519485474,0.7130007147789001,0.7058961391448975
60,1.298913836479187,0.7133415937423706,0.7064666152000427
61,1.288718819618225,0.713858425617218,0.7061645984649658
62,1.2909830808639526,0.7143862247467041,0.706298828125
63,1.283618688583374,0.7150130271911621,0.707238495349884
64,1.2883151769638062,0.7147930860519409,0.7082116603851318
65,1.284822702407837,0.7146391272544861,0.7081781029701233
66,1.285102128982544,0.7142212986946106,0.7067350745201111
67,1.2828378677368164,0.7147271037101746,0.7067686319351196
68,1.2861955165863037,0.7147161364555359,0.7080103158950806
69,1.2837986946105957,0.7146831154823303,0.7095875144004822
70,1.280241847038269,0.7153759002685547,0.7092854976654053
71,1.275221824645996,0.7155628204345703,0.7071713805198669
72,1.2764735221862793,0.7163985371589661,0.7076411843299866
73,1.2786035537719727,0.7163655161857605,0.7084801197052002
74,1.2810020446777344,0.7165634632110596,0.7081781029701233
75,1.2747485637664795,0.716321587562561,0.7078425288200378
76,1.275800108909607,0.7168823480606079,0.7086143493652344
77,1.270062804222107,0.7172562479972839,0.7083123326301575
78,1.2733581066131592,0.7170143127441406,0.707976758480072
79,1.2701388597488403,0.7166734337806702,0.7088492512702942
80,1.2701009511947632,0.7164425253868103,0.709084153175354
81,1.2663917541503906,0.7171242833137512,0.7091177105903625
82,1.2720507383346558,0.7177950143814087,0.7084465622901917
83,1.2665249109268188,0.7178390026092529,0.7081781029701233
84,1.2662677764892578,0.7171792387962341,0.709084153175354
85,1.265316367149353,0.7172122597694397,0.7096881866455078
86,1.263964056968689,0.7183338403701782,0.7095203995704651
87,1.2612119913101196,0.7195104360580444,0.7095539569854736
88,1.266028881072998,0.7191365957260132,0.7104600667953491
89,1.259523630142212,0.7177290916442871,0.7098560333251953
90,1.2647782564163208,0.7177400588989258,0.7099902629852295
91,1.2658931016921997,0.7183558344841003,0.7098560333251953
92,1.2560855150222778,0.7195324301719666,0.7095875144004822
93,1.2571593523025513,0.7192245125770569,0.7094197273254395
94,1.2566523551940918,0.7189496159553528,0.7098224759101868
95,1.2650864124298096,0.7190815806388855,0.7108627557754517
96,1.2547334432601929,0.7197303771972656,0.709956705570221
97,1.2582296133041382,0.7195214629173279,0.7082787752151489
98,1.2578470706939697,0.7196424007415771,0.7093190550804138
99,1.2556805610656738,0.718916654586792,0.7104265093803406
100,1.2564897537231445,0.7192245125770569,0.7107285261154175
101,1.251564383506775,0.7196753621101379,0.7091512680053711
102,1.2567901611328125,0.7203571200370789,0.7088156938552856
103,1.254583477973938,0.7199832797050476,0.7091848254203796
104,1.2572957277297974,0.7204670906066895,0.7092519402503967
105,1.2457376718521118,0.7202141880989075,0.7110976576805115
106,1.2501945495605469,0.7196973562240601,0.7111983299255371
107,1.2536810636520386,0.7202692031860352,0.7103593945503235
108,1.2466145753860474,0.7205110788345337,0.7106949687004089
109,1.2471909523010254,0.7209729552268982,0.7100909352302551
110,1.2510496377944946,0.7207970023155212,0.7103258371353149
111,1.2463222742080688,0.7208519577980042,0.7105271816253662
112,1.2464450597763062,0.7216767072677612,0.7109969854354858
113,1.2437312602996826,0.7214787602424622,0.7103593945503235
114,1.2418549060821533,0.721082866191864,0.7105271816253662
115,1.2460434436798096,0.7211928367614746,0.7112654447555542
116,1.242213487625122,0.7210608720779419,0.7110976576805115
117,1.2426592111587524,0.7226553559303284,0.7089834809303284
118,1.2441740036010742,0.7224903702735901,0.7117016911506653
119,1.2468633651733398,0.7206870317459106,0.712440013885498
120,1.2469916343688965,0.7226553559303284,0.7089834809303284
121,1.241104245185852,0.7227542996406555,0.7108291983604431
122,1.246744155883789,0.7220505475997925,0.7109969854354858
123,1.243931531906128,0.7218745946884155,0.710392951965332
124,1.2422696352005005,0.7219735980033875,0.712440013885498
125,1.2425864934921265,0.721885621547699,0.7123728394508362
126,1.237415075302124,0.721885621547699,0.7089499235153198
127,1.240450382232666,0.7232051491737366,0.7115339040756226
128,1.2356549501419067,0.7224903702735901,0.7111983299255371
129,1.2384377717971802,0.7239418625831604,0.7097553610801697
130,1.2410072088241577,0.7240188717842102,0.7105271816253662
131,1.2376412153244019,0.7227873206138611,0.7117016911506653
132,1.2350746393203735,0.7237439751625061,0.7098560333251953
133,1.2354586124420166,0.7247115969657898,0.7110976576805115
134,1.2404214143753052,0.7233371138572693,0.7116010189056396
135,1.2366642951965332,0.7241288423538208,0.7111647725105286
136,1.2317031621932983,0.7237329483032227,0.7111647725105286
137,1.2412468194961548,0.7234800457954407,0.7117016911506653
138,1.2326477766036987,0.7248655557632446,0.7118023633956909
139,1.2379704713821411,0.7238099575042725,0.7093526124954224
140,1.2322649955749512,0.7243817448616028,0.7108291983604431
141,1.2353310585021973,0.7249864935874939,0.7111983299255371
142,1.2308393716812134,0.7249644994735718,0.7112990021705627
143,1.2315055131912231,0.7242497801780701,0.7113996744155884
144,1.2341700792312622,0.7249975204467773,0.7121379375457764
145,1.2298998832702637,0.7249644994735718,0.7119030356407166
146,1.2288786172866821,0.7243157625198364,0.7119030356407166
147,1.2250661849975586,0.7245576977729797,0.713111162185669
148,1.2281512022018433,0.7247006297111511,0.7134802937507629
149,1.225154161453247,0.7253164052963257,0.7121043801307678
150,1.2273093461990356,0.725437343120575,0.7122721672058105
151,1.224711298942566,0.7257452607154846,0.712809145450592
152,1.2222684621810913,0.7249644994735718,0.7123057246208191
153,1.2258154153823853,0.7258222103118896,0.7122721672058105
154,1.2259297370910645,0.7263500690460205,0.7131447196006775
155,1.2257921695709229,0.7259321808815002,0.7137151956558228
156,1.2231725454330444,0.7257672548294067,0.712238609790802
157,1.2196474075317383,0.7258992195129395,0.712238609790802
158,1.220940351486206,0.7265039682388306,0.712440013885498
159,1.2321974039077759,0.7252944111824036,0.7128427028656006
160,1.2206215858459473,0.7265039682388306,0.7129769325256348
161,1.2242844104766846,0.7265369892120361,0.7127084732055664
162,1.2233479022979736,0.7256572842597961,0.7134802937507629
163,1.2280668020248413,0.7259652018547058,0.7144534587860107
164,1.2203251123428345,0.726943850517273,0.7125742435455322
165,1.2180345058441162,0.7259321808815002,0.7136145234107971
166,1.21829092502594,0.7275156378746033,0.7133125066757202
167,1.222861647605896,0.7274276614189148,0.7148225903511047
168,1.2186840772628784,0.7267348766326904,0.7150575518608093
169,1.219508409500122,0.726690948009491,0.714654803276062
170,1.2161858081817627,0.726943850517273,0.712440013885498
171,1.2129342555999756,0.7275925874710083,0.7134467363357544
172,1.2169972658157349,0.7272847294807434,0.7149903774261475
173,1.2141038179397583,0.727647602558136,0.7152588963508606
174,1.2136902809143066,0.7269988059997559,0.7140507698059082
175,1.2200132608413696,0.7276585698127747,0.713916540145874
176,1.2161048650741577,0.7277355790138245,0.7146883606910706
177,1.2200111150741577,0.7286372184753418,0.7145541310310364
178,1.2134239673614502,0.7286702394485474,0.7139836549758911
179,1.2143285274505615,0.7272627353668213,0.7143527865409851
180,1.2140448093414307,0.7280324697494507,0.7139500975608826
181,1.2125762701034546,0.7285382747650146,0.7147890329360962
182,1.2180742025375366,0.7284722924232483,0.7154937982559204
183,1.2130883932113647,0.7287032008171082,0.7144534587860107
184,1.2126957178115845,0.7294619679450989,0.7137823104858398
185,1.21607506275177,0.7288791537284851,0.7138494253158569
186,1.2174954414367676,0.7268888354301453,0.7140172123908997
187,1.2154650688171387,0.7293189764022827,0.7125071287155151
188,1.2123327255249023,0.7287691831588745,0.714285671710968
189,1.2170273065567017,0.7284613251686096,0.7146883606910706
190,1.2115044593811035,0.7285272479057312,0.7140507698059082
191,1.2084171772003174,0.7293959856033325,0.7136480808258057
192,1.2148815393447876,0.7302866578102112,0.7127755880355835
193,1.217616081237793,0.7277025580406189,0.7160307168960571
194,1.2138479948043823,0.7297478318214417,0.7137823104858398
195,1.2081931829452515,0.7304295897483826,0.715225338935852
196,1.2079311609268188,0.7293739914894104,0.7147219181060791
197,1.2154713869094849,0.7297918200492859,0.7134802937507629
198,1.215122938156128,0.7297918200492859,0.7132789492607117
199,1.209678053855896,0.7308474779129028,0.7128762602806091
200,1.206196904182434,0.7293409705162048,0.7160978317260742
201,1.2080128192901611,0.728857159614563,0.7157958149909973
202,1.205843448638916,0.731023371219635,0.7119030356407166
203,1.2108383178710938,0.7294619679450989,0.7159300446510315
204,1.205043077468872,0.7299017906188965,0.7168360948562622
205,1.2065210342407227,0.7303526401519775,0.7146212458610535
206,1.2063289880752563,0.7305065989494324,0.7144199013710022
207,1.2039395570755005,0.7314192652702332,0.715023934841156
208,1.2053807973861694,0.7310453653335571,0.7163998484611511
209,1.2051810026168823,0.7308584451675415,0.7159971594810486
210,1.2076672315597534,0.7313752770423889,0.7132118344306946
211,1.2013540267944336,0.730319619178772,0.7170038819313049
212,1.2005436420440674,0.7316612005233765,0.7173394560813904
213,1.2026877403259277,0.7305725812911987,0.7173394560813904
214,1.2050623893737793,0.7303306460380554,0.7153595685958862
215,1.2039209604263306,0.7311223745346069,0.7157958149909973
216,1.20265793800354,0.7312653064727783,0.7180442214012146
217,1.201104760169983,0.7324858903884888,0.7166347503662109
218,1.2062216997146606,0.7309134602546692,0.7165340781211853
219,1.204337239265442,0.7318370938301086,0.717070996761322
220,1.2017769813537598,0.7325628399848938,0.7142521142959595
221,1.2112231254577637,0.730517566204071,0.7156280279159546
222,1.2020701169967651,0.731650173664093,0.7135809659957886
223,1.208230972290039,0.7308364510536194,0.715594470500946
224,1.204002857208252,0.7330027222633362,0.716332733631134
225,1.2020410299301147,0.7315952181816101,0.7164334058761597
226,1.2001240253448486,0.730517566204071,0.7156280279159546
227,1.1977647542953491,0.7323429584503174,0.7127755880355835
228,1.2001157999038696,0.7307044863700867,0.71596360206604
229,1.204634189605713,0.731903076171875,0.7166347503662109
230,1.199949026107788,0.7319910526275635,0.715896487236023
231,1.2035260200500488,0.7312543392181396,0.7172723412513733
232,1.206148624420166,0.7320570349693298,0.7152924537658691
233,1.2065722942352295,0.7283733487129211,0.711869478225708
234,1.2005181312561035,0.7306385636329651,0.7044195532798767
235,1.2056751251220703,0.730869472026825,0.7149903774261475
236,1.1988767385482788,0.7295279502868652,0.7149568200111389
237,1.2013508081436157,0.7301437258720398,0.7037148475646973
238,1.2101376056671143,0.731023371219635,0.7120037078857422
239,1.2006489038467407,0.7305065989494324,0.7171381115913391
240,1.2068802118301392,0.730440616607666,0.7072049379348755
241,1.20778489112854,0.7319360971450806,0.7136816382408142
242,1.1999660730361938,0.7303526401519775,0.712440013885498
243,1.2060152292251587,0.7315512299537659,0.7113996744155884
244,1.2025630474090576,0.7317491173744202,0.7158293724060059
245,1.2045501470565796,0.7298028469085693,0.7120037078857422
246,1.2022596597671509,0.7324309349060059,0.7149232625961304
247,1.201149821281433,0.7324638962745667,0.7150911092758179
248,1.197840690612793,0.7308364510536194,0.7135809659957886
249,1.1993498802185059,0.7326398491859436,0.715023934841156
250,1.2000638246536255,0.7332006096839905,0.7142521142959595
251,1.1974478960037231,0.730770468711853,0.7160307168960571
252,1.1993986368179321,0.73094642162323,0.7161649465560913
253,1.2032678127288818,0.7327167987823486,0.7142185568809509
254,1.2020368576049805,0.7331126928329468,0.717943549156189
255,1.1952203512191772,0.7310893535614014,0.7155609130859375
256,1.1965645551681519,0.7338384389877319,0.7160978317260742
