paper_id,true_class,gcn_prediction,gcn_confidence,gcn_correct,gat_prediction,gat_confidence,gat_correct
41495,24,24,0.7084,True,24,0.8155,True
169172,30,30,0.8554,True,30,0.9793,True
138733,13,13,0.6117,True,13,0.9512,True
151513,3,26,0.7449,False,26,0.8228,False
19964,37,37,0.8923,True,37,0.8238,True
27291,30,16,0.3627,False,30,0.4422,True
85444,6,30,0.5654,False,30,0.8932,False
74610,24,24,0.6594,True,16,0.5192,False
156364,18,28,0.8793,False,28,0.5279,False
96744,19,28,0.7136,False,28,0.666,False
136926,16,16,0.9854,True,16,0.9628,True
140678,10,8,0.3204,False,8,0.3767,False
12615,28,28,0.6688,True,28,0.4911,True
94894,9,9,0.529,True,9,0.7702,True
154962,2,2,0.9297,True,2,0.912,True
102864,8,28,0.9316,False,28,0.9305,False
62145,30,30,0.9742,True,30,0.9844,True
101888,26,26,0.5982,True,26,0.7255,True
110752,28,28,0.8544,True,28,0.9964,True
35045,16,16,0.9493,True,16,0.9687,True
144838,16,16,0.8081,True,16,0.9021,True
53278,16,16,0.8912,True,16,0.9729,True
39773,24,24,0.3142,True,24,0.6578,True
144891,28,28,0.8659,True,28,0.9918,True
124966,16,16,0.9143,True,16,0.9818,True
8875,24,24,0.5309,True,24,0.7375,True
118974,16,16,0.6295,True,16,0.8233,True
53510,28,28,0.6901,True,28,0.8958,True
41028,10,36,0.5473,False,36,0.4976,False
68491,5,5,0.9656,True,5,0.577,True
141652,16,16,0.9508,True,16,0.9557,True
151406,8,8,0.3266,True,8,0.4273,True
37205,16,16,0.2677,True,24,0.3518,False
29975,16,16,0.9834,True,16,0.9658,True
116605,28,28,0.9889,True,28,0.9633,True
73726,27,27,0.783,True,27,0.9157,True
154618,25,25,0.3189,True,8,0.3618,False
120486,28,28,0.6347,True,28,0.6781,True
159045,38,38,0.4298,True,38,0.5825,True
75029,16,16,0.9722,True,16,0.9572,True
120380,10,27,0.4381,False,27,0.8541,False
167431,28,28,0.9865,True,28,0.9871,True
160683,25,25,0.3832,True,25,0.6019,True
47545,3,16,0.6873,False,16,0.891,False
84232,28,28,0.815,True,28,0.5584,True
17443,26,26,0.6464,True,26,0.6037,True
119044,2,2,0.5661,True,2,0.6758,True
166766,10,10,0.9833,True,10,0.9159,True
96218,24,24,0.2977,True,4,0.487,False
127827,28,28,0.9917,True,28,0.9881,True
102814,28,28,0.9999,True,28,0.9919,True
65943,36,4,0.5474,False,4,0.7332,False
11505,16,16,0.8336,True,16,0.935,True
100938,10,10,0.499,True,24,0.5658,False
148277,30,30,0.8653,True,30,0.9638,True
71755,36,36,0.5799,True,36,0.3161,True
39455,20,34,0.4475,False,20,0.5451,True
160591,5,24,0.3541,False,24,0.4245,False
154628,5,16,0.3963,False,16,0.6184,False
5860,27,10,0.594,False,10,0.7552,False
142155,28,28,0.9482,True,28,0.9326,True
103851,23,23,0.8761,True,23,0.822,True
148029,16,16,0.8729,True,16,0.9392,True
29701,30,30,0.8477,True,30,0.9295,True
160702,30,30,0.4399,True,30,0.796,True
94027,13,13,0.4532,True,13,0.5145,True
1109,16,16,0.8732,True,16,0.9679,True
98748,4,4,0.618,True,4,0.7514,True
16227,28,28,0.9911,True,28,0.9551,True
88090,16,16,0.3923,True,16,0.4496,True
71802,9,14,0.8762,False,14,0.8855,False
57400,19,19,0.9564,True,19,0.7086,True
127356,8,28,0.6201,False,28,0.7074,False
75154,16,16,0.9763,True,16,0.9594,True
72601,16,16,0.9964,True,16,0.9477,True
52352,28,28,0.5414,True,28,0.5503,True
13861,26,26,0.617,True,26,0.6879,True
11475,34,34,0.4641,True,8,0.4257,False
61655,30,30,0.5749,True,30,0.8106,True
42426,24,16,0.7312,False,16,0.9381,False
78822,30,30,0.3896,True,30,0.8253,True
94727,30,30,0.6183,True,30,0.8707,True
16450,3,3,0.5603,True,4,0.4442,False
108332,30,16,0.6723,False,16,0.7701,False
129008,28,28,0.6097,True,28,0.5564,True
70225,28,28,0.9796,True,28,0.9927,True
52264,16,16,0.9193,True,16,0.9756,True
42984,24,24,0.7851,True,24,0.8344,True
59197,6,10,0.3634,False,10,0.713,False
42975,16,16,0.5645,True,16,0.8315,True
72277,16,16,0.9533,True,16,0.9832,True
53669,30,24,0.7296,False,24,0.8816,False
74333,16,16,0.5248,True,16,0.8652,True
90797,19,10,0.2114,False,10,0.2567,False
22051,34,34,0.7039,True,34,0.8759,True
115311,22,2,0.7623,False,2,0.9154,False
91108,27,16,0.8471,False,16,0.9014,False
160461,0,24,0.4846,False,24,0.8117,False
115654,28,28,0.9006,True,28,0.8607,True
26186,4,4,0.8371,True,4,0.9569,True
104520,36,36,0.7896,True,36,0.9391,True
111498,16,24,0.7042,False,24,0.6794,False
35372,24,24,0.2269,True,24,0.3798,True
6676,28,28,0.959,True,28,0.9789,True
147647,10,30,0.3766,False,30,0.8051,False
116997,36,34,0.8504,False,34,0.918,False
29064,24,3,0.3529,False,3,0.2856,False
90466,28,28,0.6314,True,28,0.8264,True
109760,24,24,0.4637,True,24,0.5342,True
158135,24,24,0.5464,True,24,0.5092,True
150138,4,16,0.4836,False,16,0.4191,False
101853,31,31,0.5198,True,31,0.7356,True
100805,26,31,0.7349,False,31,0.8244,False
98772,16,16,0.9879,True,16,0.9317,True
6095,30,30,0.8077,True,30,0.9421,True
7881,37,37,0.6428,True,10,0.2503,False
19058,24,24,0.405,True,10,0.4804,False
74368,2,2,0.4738,True,2,0.774,True
25493,8,8,0.4847,True,8,0.5205,True
154711,30,30,0.9422,True,30,0.9665,True
65778,34,34,0.8731,True,34,0.8927,True
21884,27,27,0.5649,True,27,0.8152,True
155168,30,31,0.4876,False,31,0.5188,False
87419,5,5,0.4863,True,5,0.8476,True
18483,18,15,0.4256,False,15,0.4561,False
29474,16,16,0.7784,True,16,0.7905,True
129391,21,24,0.5156,False,24,0.7115,False
153860,30,16,0.7597,False,16,0.9231,False
106494,30,30,0.9483,True,30,0.9111,True
50994,24,24,0.8728,True,24,0.8226,True
37526,15,15,0.3133,True,15,0.6918,True
52040,28,28,0.9984,True,28,0.9481,True
75079,30,30,0.9276,True,30,0.9428,True
64131,13,24,0.296,False,10,0.5013,False
103995,16,16,0.6714,True,16,0.7736,True
136307,27,27,0.7738,True,27,0.5792,True
109161,27,24,0.4127,False,24,0.4376,False
109045,16,16,0.8464,True,16,0.8976,True
4543,16,16,0.1516,True,5,0.2645,False
149825,26,30,0.5554,False,30,0.4053,False
113026,16,16,0.9649,True,16,0.9681,True
42860,8,8,0.676,True,8,0.4517,True
167579,30,30,0.5198,True,30,0.5771,True
111391,16,24,0.4796,False,24,0.8224,False
14210,26,26,0.4328,True,26,0.4887,True
7592,28,28,0.7226,True,28,0.6841,True
138301,33,9,0.5304,False,9,0.4961,False
47145,16,16,0.4269,True,16,0.9615,True
75389,8,28,0.499,False,28,0.736,False
70011,28,28,0.5053,True,28,0.74,True
38642,34,28,0.7002,False,28,0.8005,False
42801,28,28,0.7822,True,28,0.9447,True
13247,28,28,0.9793,True,28,0.9741,True
143577,24,24,0.5867,True,24,0.8171,True
17144,24,0,0.4647,False,0,0.424,False
80030,16,16,0.9901,True,16,0.9835,True
128098,24,24,0.7037,True,24,0.8273,True
157635,5,28,0.2178,False,28,0.5089,False
129441,30,16,0.9022,False,16,0.979,False
107557,3,30,0.3994,False,30,0.6937,False
143187,19,19,0.4707,True,28,0.9565,False
55174,6,3,0.532,False,3,0.528,False
149618,27,27,0.7447,True,27,0.9893,True
49694,28,28,0.9003,True,28,0.8236,True
116922,28,28,0.4656,True,16,0.9172,False
158858,28,28,0.9276,True,28,0.9562,True
158590,2,10,0.3954,False,10,0.4435,False
86182,24,24,0.8235,True,24,0.8911,True
91536,10,27,0.7061,False,27,0.7691,False
105749,24,24,0.8047,True,24,0.6927,True
26888,24,24,0.2431,True,24,0.4932,True
56186,24,24,0.6846,True,24,0.6279,True
147583,34,34,0.4684,True,34,0.4518,True
37133,24,8,0.4105,False,8,0.6367,False
51201,24,24,0.4996,True,24,0.6285,True
3725,24,24,0.3956,True,24,0.6207,True
80108,16,16,0.7939,True,16,0.8976,True
134573,24,24,0.6398,True,24,0.8894,True
107401,16,16,0.8508,True,16,0.8335,True
151190,5,11,0.4933,False,11,0.4359,False
30877,28,28,0.9855,True,28,0.9906,True
89430,16,16,0.8676,True,16,0.9283,True
130933,9,34,0.9131,False,34,0.9059,False
32926,5,5,0.645,True,5,0.5682,True
124510,28,28,0.9774,True,28,0.9437,True
51424,30,30,0.8861,True,30,0.9684,True
165725,26,26,0.625,True,26,0.5022,True
690,16,16,0.8144,True,16,0.8454,True
72314,16,16,0.8854,True,16,0.9451,True
126809,10,10,0.931,True,10,0.8606,True
79356,26,26,0.9001,True,26,0.9161,True
90934,8,28,0.497,False,28,0.5898,False
39951,29,2,0.3038,False,2,0.7588,False
46056,28,28,0.9515,True,28,0.9932,True
153624,35,4,0.442,False,4,0.732,False
67158,28,28,0.879,True,28,0.8676,True
89981,11,27,0.5459,False,27,0.9179,False
143425,28,28,0.8153,True,28,0.7124,True
91859,30,30,0.885,True,30,0.8351,True
165892,16,16,0.9663,True,16,0.9679,True
23493,22,22,0.8366,True,22,0.609,True
124873,8,8,0.5516,True,8,0.6957,True
114340,17,16,0.738,False,16,0.7442,False
41344,32,5,0.3186,False,5,0.5573,False
147427,28,28,0.7432,True,24,0.5349,False
158985,28,28,0.9927,True,28,0.9699,True
112327,24,10,0.4075,False,10,0.5087,False
92369,16,10,0.3382,False,10,0.2801,False
97901,16,16,0.9585,True,16,0.958,True
53009,16,16,0.8839,True,16,0.9443,True
103360,10,10,0.4689,True,30,0.304,False
161727,0,5,0.3676,False,5,0.547,False
160213,19,19,0.9418,True,19,0.954,True
141336,36,34,0.2939,False,36,0.4695,True
78534,30,30,0.9994,True,30,0.9715,True
99311,4,4,0.8305,True,4,0.9614,True
148696,28,28,0.8173,True,28,0.8965,True
23240,10,10,0.4997,True,24,0.5119,False
114414,21,19,0.1968,False,27,0.3408,False
154374,36,36,0.9592,True,36,0.963,True
150701,16,16,0.7152,True,16,0.4365,True
14133,19,19,0.9128,True,19,0.6515,True
133827,34,34,0.8129,True,34,0.8406,True
97776,13,10,0.1906,False,10,0.4108,False
136150,24,16,0.3514,False,24,0.4428,True
95493,23,22,0.4404,False,2,0.437,False
33453,28,28,0.8798,True,28,0.8898,True
146773,28,28,0.8079,True,28,0.654,True
133810,8,28,0.9778,False,28,0.9669,False
114652,2,2,0.6735,True,2,0.5321,True
158162,16,16,0.9624,True,16,0.932,True
121630,27,27,0.9687,True,27,0.9321,True
114987,24,24,0.3516,True,24,0.6588,True
103773,16,16,0.9182,True,16,0.9841,True
135717,24,24,0.5699,True,24,0.5982,True
85115,16,16,0.5891,True,16,0.6591,True
5957,16,16,0.6179,True,16,0.6488,True
46507,26,34,0.8481,False,34,0.4761,False
85910,16,16,0.6933,True,16,0.6703,True
131256,24,24,0.9659,True,24,0.7848,True
3393,16,16,0.9482,True,16,0.982,True
123317,24,27,0.6198,False,27,0.4845,False
91146,19,24,0.375,False,27,0.4485,False
166486,23,23,0.8086,True,23,0.9519,True
126458,8,28,0.9432,False,28,0.999,False
110571,13,24,0.4677,False,24,0.4787,False
131831,13,16,0.3556,False,24,0.3412,False
55949,19,8,0.5282,False,8,0.6145,False
22071,28,28,0.9987,True,28,0.9926,True
57455,34,34,0.7528,True,34,0.8529,True
127736,16,16,0.6996,True,16,0.9752,True
142032,36,36,0.5993,True,36,0.6337,True
625,33,33,0.7526,True,33,0.9561,True
95882,5,34,0.3318,False,5,0.7889,True
112778,34,34,0.8286,True,34,0.9441,True
38774,28,28,0.8524,True,28,0.9124,True
79422,28,34,0.694,False,34,0.8302,False
130959,22,22,0.8261,True,22,0.6865,True
98263,16,16,0.947,True,16,0.9494,True
33150,28,28,0.9539,True,28,0.9844,True
65430,37,37,0.9487,True,37,0.9591,True
64343,16,16,0.8722,True,16,0.9495,True
120381,31,31,0.5811,True,31,0.846,True
118130,28,28,0.5371,True,28,0.8449,True
45220,10,10,0.9432,True,10,0.6861,True
6138,28,28,0.9773,True,28,0.9543,True
122896,4,4,0.8861,True,4,0.8001,True
27165,27,27,0.8925,True,27,0.9645,True
76735,28,28,0.9538,True,28,0.9427,True
56501,36,36,0.9961,True,36,0.9974,True
49244,19,8,0.3042,False,8,0.4507,False
45410,39,39,0.6091,True,39,0.4096,True
159294,26,26,0.796,True,26,0.7203,True
121669,26,26,0.5428,True,26,0.6049,True
57137,16,16,0.379,True,16,0.4393,True
9655,26,26,0.4541,True,26,0.5601,True
84640,16,16,0.9356,True,16,0.9713,True
40607,25,25,0.3686,True,25,0.4415,True
68561,9,9,0.423,True,10,0.3735,False
52615,28,28,0.9995,True,28,0.9966,True
25013,24,16,0.8251,False,16,0.638,False
3128,30,30,0.8316,True,30,0.8514,True
144554,29,8,0.6222,False,8,0.5299,False
89810,36,36,0.8384,True,36,0.9757,True
151508,31,37,0.1795,False,37,0.2694,False
40447,38,30,0.4989,False,30,0.3146,False
109196,24,24,0.3206,True,24,0.6249,True
68065,28,28,0.9105,True,28,0.9732,True
350,25,25,0.3548,True,25,0.3557,True
69677,36,36,0.3423,True,36,0.5738,True
116802,26,30,0.353,False,30,0.6614,False
103811,16,16,0.9024,True,16,0.9366,True
7251,26,26,0.8313,True,26,0.8236,True
30433,10,10,0.3009,True,10,0.4543,True
77630,8,8,0.7201,True,8,0.7764,True
82692,28,28,0.6834,True,28,0.6908,True
127979,34,34,0.7454,True,34,0.8822,True
135646,34,34,0.7692,True,34,0.5336,True
68553,4,4,0.3383,True,4,0.5414,True
155510,39,34,0.5344,False,34,0.7874,False
123917,38,38,0.9414,True,38,0.9244,True
55452,26,26,0.602,True,26,0.9415,True
162369,37,37,0.9486,True,37,0.8893,True
134770,30,30,0.2579,True,30,0.5649,True
96158,38,38,0.8943,True,38,0.9247,True
81022,28,8,0.8689,False,8,0.7315,False
141431,5,24,0.7474,False,24,0.8304,False
112667,20,20,0.4806,True,14,0.5577,False
102293,8,8,0.88,True,8,0.872,True
5223,28,28,0.9944,True,28,0.9957,True
50349,34,34,0.6758,True,34,0.9393,True
18675,16,16,0.6793,True,27,0.4423,False
32030,34,8,0.3762,False,8,0.3444,False
150957,24,37,0.278,False,34,0.4472,False
41471,28,28,0.9963,True,28,0.8928,True
54075,37,37,0.9979,True,37,0.9799,True
14460,4,3,0.3066,False,3,0.344,False
15645,9,9,0.9453,True,9,0.8513,True
114277,3,24,0.8177,False,24,0.6002,False
121221,3,6,0.5323,False,23,0.628,False
111673,30,30,0.9884,True,30,0.9943,True
155700,20,34,0.5769,False,34,0.5265,False
158450,9,9,0.7781,True,9,0.539,True
18169,26,26,0.5439,True,26,0.5237,True
168798,18,16,0.4402,False,16,0.7612,False
123429,16,16,0.6028,True,16,0.7712,True
125522,24,16,0.556,False,16,0.5044,False
113969,28,28,0.8191,True,28,0.9227,True
101742,24,24,0.9151,True,24,0.8651,True
70546,30,30,0.9832,True,30,0.912,True
35267,8,8,0.7138,True,8,0.6721,True
90237,28,28,0.9905,True,28,0.9922,True
148609,16,16,0.9986,True,16,0.9813,True
130910,24,24,0.386,True,24,0.4239,True
57920,24,24,0.793,True,24,0.9102,True
19482,16,16,0.8769,True,16,0.9813,True
84111,16,16,0.8256,True,16,0.9684,True
102953,6,16,0.4574,False,16,0.7961,False
79789,16,16,0.6081,True,16,0.9751,True
148903,30,30,0.8894,True,30,0.9772,True
57007,30,30,0.6963,True,30,0.9164,True
101860,31,37,0.7927,False,37,0.5098,False
69894,24,16,0.5015,False,16,0.4688,False
154023,27,10,0.3878,False,10,0.5672,False
77687,28,28,0.9971,True,28,0.9826,True
150436,30,30,0.9996,True,30,0.9751,True
106274,28,28,0.9177,True,28,0.8652,True
99415,28,28,0.8715,True,28,0.7069,True
60056,19,19,0.9935,True,19,0.9532,True
29957,24,24,0.2679,True,24,0.505,True
115054,28,28,0.8614,True,28,0.968,True
150574,28,28,0.9869,True,28,0.9952,True
123312,34,34,0.9783,True,34,0.8371,True
43191,37,37,0.4665,True,5,0.5112,False
154407,28,28,0.9135,True,28,0.8384,True
9138,30,30,0.798,True,30,0.9672,True
138409,9,9,0.7527,True,9,0.3952,True
166530,24,24,0.575,True,24,0.5845,True
98299,24,24,0.4046,True,24,0.5798,True
36480,24,24,0.6188,True,24,0.6948,True
102705,16,16,0.8578,True,16,0.8297,True
31329,8,8,0.6358,True,8,0.7031,True
46655,0,0,0.2546,True,0,0.4496,True
73585,8,8,0.991,True,8,0.9816,True
40795,38,38,0.6862,True,38,0.9476,True
50566,9,9,0.3429,True,9,0.3905,True
22670,36,26,0.2688,False,4,0.3867,False
68984,20,20,0.8254,True,20,0.7459,True
57213,28,28,0.9923,True,28,0.9932,True
35978,16,28,0.8615,False,28,0.8883,False
53353,28,28,0.6696,True,28,0.79,True
85354,16,27,0.4251,False,27,0.5567,False
98192,33,33,0.5864,True,33,0.5613,True
2532,34,34,0.5343,True,34,0.5311,True
10823,24,24,0.9345,True,24,0.877,True
165999,28,28,0.9918,True,28,0.9854,True
94239,27,27,0.9925,True,27,0.9795,True
167842,6,3,0.4696,False,3,0.4684,False
106107,30,30,0.9616,True,30,0.9313,True
156422,24,24,0.7922,True,24,0.7204,True
127946,8,8,0.6679,True,8,0.7774,True
100926,25,25,0.4749,True,25,0.6102,True
36864,16,16,0.7453,True,16,0.8359,True
75310,16,16,0.576,True,16,0.7523,True
148013,21,8,0.5152,False,8,0.4472,False
143013,4,4,0.3995,True,4,0.5689,True
29277,37,37,0.4321,True,26,0.5808,False
165218,24,25,0.7777,False,25,0.7411,False
52070,16,16,0.6248,True,16,0.8442,True
34605,26,26,0.4814,True,26,0.4573,True
106460,24,24,0.7442,True,24,0.96,True
23211,8,8,0.7059,True,8,0.559,True
89990,34,28,0.4964,False,28,0.8737,False
144398,38,38,0.9876,True,38,0.9437,True
125358,7,24,0.3321,False,7,0.3987,True
112410,24,24,0.8607,True,24,0.7263,True
141409,4,8,0.7202,False,4,0.4504,True
60634,16,16,0.9842,True,16,0.9752,True
5908,7,17,0.3327,False,17,0.3597,False
74488,2,2,0.9053,True,2,0.9097,True
60250,16,16,0.9176,True,16,0.9305,True
8199,8,8,0.5903,True,28,0.5839,False
164366,28,28,0.6973,True,28,0.923,True
41123,10,24,0.5926,False,24,0.4746,False
28573,30,30,0.8283,True,30,0.909,True
22066,24,24,0.5457,True,24,0.6071,True
104813,10,10,0.5612,True,10,0.7426,True
33165,2,10,0.3463,False,10,0.5523,False
150359,24,24,0.5415,True,24,0.8102,True
141331,24,10,0.1715,False,13,0.304,False
129427,16,16,0.9612,True,16,0.9345,True
133979,26,26,0.389,True,26,0.3849,True
102123,16,16,0.8933,True,16,0.9141,True
145642,28,28,0.9936,True,28,0.9884,True
14345,24,34,0.4046,False,34,0.4635,False
43767,24,24,0.1783,True,24,0.3693,True
95261,37,37,0.9826,True,37,0.9335,True
104058,39,34,0.5592,False,34,0.6715,False
60987,35,4,0.5642,False,4,0.9294,False
43852,8,8,0.5498,True,8,0.4455,True
45450,16,16,0.6074,True,16,0.8104,True
72047,30,30,0.7628,True,30,0.9312,True
161839,24,16,0.6884,False,16,0.8349,False
20899,8,28,0.6451,False,28,0.9073,False
88822,28,28,0.9903,True,28,0.9595,True
139720,5,5,0.942,True,5,0.7404,True
21872,36,36,0.9085,True,36,0.9156,True
100942,15,15,0.8747,True,15,0.7899,True
140282,33,33,0.6181,True,39,0.5316,False
43366,5,8,0.802,False,8,0.6132,False
125647,10,10,0.927,True,10,0.908,True
142489,24,24,0.8004,True,24,0.7636,True
1922,30,30,0.8417,True,30,0.7939,True
13216,4,4,0.5595,True,4,0.8646,True
121719,36,36,0.7874,True,36,0.7753,True
45857,16,16,0.7904,True,16,0.8826,True
135681,30,30,0.8233,True,30,0.9168,True
80137,5,5,0.6026,True,5,0.9345,True
165462,8,28,0.5391,False,28,0.7543,False
17917,24,24,0.5827,True,24,0.5205,True
129083,24,24,0.325,True,24,0.5569,True
38806,3,3,0.3233,True,3,0.3296,True
39544,20,20,0.9468,True,20,0.7619,True
129567,34,34,0.8798,True,34,0.967,True
146640,36,39,0.5684,False,39,0.5417,False
112323,16,16,0.9258,True,16,0.9595,True
148004,2,2,0.4498,True,2,0.6502,True
87474,10,10,0.5499,True,10,0.4084,True
9293,8,8,0.965,True,8,0.9346,True
147555,4,16,0.568,False,16,0.7668,False
35156,13,13,0.9044,True,13,0.9214,True
31931,28,28,0.9917,True,28,0.9427,True
106428,16,16,0.8991,True,16,0.8931,True
91801,24,24,0.5166,True,24,0.7148,True
146456,8,8,0.4059,True,8,0.3402,True
143445,34,24,0.4921,False,24,0.5021,False
34625,23,23,0.4725,True,23,0.8128,True
151568,8,8,0.8605,True,8,0.6551,True
32561,28,28,0.9967,True,28,0.992,True
30277,34,34,0.7885,True,34,0.8429,True
150346,28,28,0.6453,True,28,0.7453,True
136520,34,34,0.9049,True,34,0.9209,True
69524,4,4,0.3899,True,4,0.3464,True
37267,16,27,0.6913,False,27,0.5903,False
47189,5,4,0.5327,False,4,0.8416,False
82037,24,24,0.9925,True,24,0.9635,True
20072,28,28,0.9999,True,28,0.9989,True
21358,28,28,0.845,True,28,0.9086,True
132415,34,34,0.8139,True,34,0.8053,True
75600,24,16,0.8868,False,16,0.9006,False
89503,27,5,0.3703,False,5,0.3086,False
95732,13,24,0.3584,False,24,0.6686,False
30528,8,8,0.5696,True,8,0.4787,True
111084,28,28,0.81,True,28,0.8842,True
145267,24,16,0.7609,False,16,0.6829,False
59931,22,22,0.7626,True,22,0.5521,True
101904,33,33,0.5594,True,33,0.7646,True
143307,28,28,0.9234,True,28,0.9818,True
40551,23,23,0.8862,True,23,0.6689,True
5067,24,24,0.617,True,24,0.6582,True
49908,24,24,0.2218,True,24,0.2505,True
69142,2,2,0.3685,True,2,0.5558,True
132391,34,34,0.4254,True,20,0.444,False
155554,16,16,0.934,True,16,0.9018,True
98520,25,25,0.3974,True,25,0.6881,True
141106,28,28,0.7792,True,28,0.8721,True
108740,28,28,0.6038,True,28,0.9556,True
9555,16,16,0.5732,True,16,0.8215,True
155257,9,9,0.4412,True,9,0.7033,True
108968,16,16,0.6174,True,16,0.9871,True
116398,5,8,0.1933,False,5,0.4394,True
88449,10,10,0.258,True,30,0.4463,False
116809,24,24,0.4056,True,24,0.7291,True
132634,28,28,0.8692,True,28,0.9756,True
37068,22,22,0.9585,True,22,0.8963,True
20974,37,5,0.323,False,2,0.3372,False
57030,16,16,0.5877,True,16,0.9737,True
153141,8,28,0.9895,False,28,0.9473,False
75125,10,10,0.9304,True,10,0.8774,True
74618,30,30,0.9866,True,30,0.9141,True
87631,16,16,0.6559,True,16,0.8844,True
87728,28,28,0.9509,True,28,0.9532,True
44994,24,30,0.4688,False,30,0.7725,False
159018,26,26,0.9717,True,26,0.9213,True
10116,10,10,0.5878,True,10,0.4846,True
107137,16,24,0.4905,False,24,0.5751,False
145820,16,16,0.8466,True,16,0.7494,True
129078,24,24,0.5297,True,24,0.5762,True
151941,16,16,0.9466,True,16,0.943,True
60671,2,22,0.2213,False,22,0.323,False
139463,34,34,0.7339,True,34,0.7745,True
50845,16,16,0.9625,True,16,0.9083,True
132493,8,8,0.6444,True,28,0.6146,False
91853,30,30,0.8953,True,30,0.923,True
126502,28,28,0.9823,True,28,0.9765,True
121908,16,16,0.9881,True,16,0.9826,True
1923,37,37,0.9939,True,37,0.9852,True
4288,24,24,0.189,True,24,0.3499,True
152743,2,2,0.3138,True,2,0.6086,True
81967,10,24,0.5481,False,24,0.7412,False
6537,36,36,0.9994,True,36,0.9996,True
74959,24,24,0.4896,True,24,0.5031,True
56078,24,24,0.5573,True,24,0.8045,True
94360,13,13,0.8072,True,13,0.6213,True
75550,28,28,0.4008,True,28,0.7175,True
100343,5,5,0.3712,True,4,0.4411,False
153020,30,30,0.8682,True,30,0.9153,True
144531,28,28,0.9923,True,28,0.9946,True
160874,30,30,0.6735,True,30,0.8917,True
133906,26,26,0.4109,True,26,0.5836,True
109895,36,36,0.5453,True,36,0.851,True
108133,33,33,0.7576,True,33,0.5835,True
40818,4,4,0.8849,True,4,0.8438,True
50351,25,16,0.4361,False,16,0.4721,False
49232,28,28,0.8137,True,28,0.9465,True
130923,1,16,0.5598,False,16,0.7082,False
130750,3,19,0.3461,False,27,0.4365,False
105933,28,28,0.5215,True,8,0.4158,False
50813,24,30,0.3539,False,30,0.5696,False
19094,24,24,0.2202,True,24,0.4578,True
56102,30,30,0.8976,True,30,0.9664,True
157851,22,2,0.5671,False,2,0.6939,False
122187,27,27,0.85,True,27,0.9695,True
29313,16,16,0.6361,True,16,0.4407,True
61271,24,24,0.2432,True,24,0.3294,True
39786,24,16,0.8176,False,16,0.7767,False
86720,28,28,0.7124,True,28,0.9542,True
110319,9,34,0.5071,False,34,0.6488,False
61647,30,30,0.9518,True,30,0.9753,True
48549,10,24,0.411,False,24,0.4413,False
10997,24,24,0.395,True,24,0.5004,True
90483,3,8,0.9531,False,8,0.9619,False
40243,16,16,0.4854,True,16,0.9008,True
90950,24,30,0.5164,False,30,0.5995,False
13028,16,16,0.9907,True,16,0.9746,True
92310,8,8,0.955,True,8,0.9031,True
22,28,28,0.9406,True,28,0.999,True
79406,16,16,0.6257,True,16,0.8971,True
68166,5,5,0.8239,True,5,0.8347,True
18147,30,30,0.9801,True,30,0.9952,True
37119,34,34,0.508,True,4,0.6048,False
158208,28,28,0.9644,True,28,0.9864,True
28829,16,16,0.7827,True,16,0.9661,True
138400,34,34,0.7339,True,34,0.9491,True
31612,16,16,0.9739,True,16,0.9834,True
88303,24,24,0.8936,True,24,0.9115,True
114744,16,16,0.9108,True,16,0.8958,True
21475,2,2,0.4997,True,2,0.7577,True
66574,13,28,0.3152,False,28,0.3348,False
56455,16,16,0.5387,True,16,0.7967,True
19653,5,5,0.8415,True,5,0.4523,True
134075,16,16,0.4684,True,16,0.914,True
116296,16,16,0.6263,True,16,0.5729,True
106190,8,28,0.4681,False,28,0.8001,False
88906,28,28,0.9686,True,28,0.7448,True
91383,4,4,0.9958,True,4,0.9967,True
66256,30,30,0.9628,True,30,0.9888,True
23858,24,24,0.705,True,24,0.8203,True
43611,24,24,0.8432,True,24,0.8318,True
155565,10,10,0.4631,True,10,0.4982,True
161926,28,28,0.9543,True,28,0.9855,True
77691,16,16,0.8336,True,16,0.6753,True
145640,8,8,0.9277,True,8,0.3986,True
26569,7,16,0.4264,False,16,0.3682,False
135597,24,24,0.4401,True,24,0.4858,True
4385,20,20,0.5041,True,27,0.4945,False
84971,36,36,0.7275,True,36,0.9938,True
12184,16,30,0.3271,False,30,0.5395,False
85071,16,16,0.7801,True,16,0.9608,True
134493,30,30,0.981,True,30,0.886,True
162480,20,34,0.5488,False,34,0.4969,False
104998,16,16,0.8544,True,16,0.7715,True
98589,16,16,0.9002,True,16,0.9747,True
67810,8,28,0.8931,False,28,0.8988,False
124536,26,26,0.8012,True,26,0.895,True
16393,31,31,0.698,True,31,0.7266,True
121130,4,4,0.7343,True,4,0.9232,True
117841,37,25,0.3679,False,25,0.245,False
146127,26,26,0.7164,True,3,0.3898,False
160515,19,19,0.9506,True,19,0.879,True
6367,5,5,0.3371,True,4,0.5491,False
67201,28,28,0.9987,True,28,0.9836,True
94678,16,27,0.3345,False,27,0.6876,False
160639,10,24,0.7565,False,24,0.7841,False
164964,28,28,0.7999,True,28,0.7691,True
161476,34,39,0.5666,False,39,0.4971,False
108496,14,14,0.9548,True,14,0.7062,True
88803,13,24,0.9993,False,24,0.535,False
35,22,2,0.7385,False,2,0.7774,False
2259,2,2,0.7988,True,2,0.8276,True
113178,27,16,0.8836,False,16,0.9183,False
47840,39,28,0.6344,False,28,0.7507,False
120098,10,34,0.5065,False,34,0.6322,False
107483,37,5,0.6573,False,5,0.8391,False
7195,30,30,0.8564,True,30,0.9902,True
105406,8,8,0.729,True,8,0.8339,True
135074,37,37,0.5531,True,37,0.7262,True
63223,37,37,0.7321,True,37,0.4843,True
103583,16,16,0.9711,True,16,0.8944,True
21369,9,4,0.5172,False,4,0.6308,False
2679,2,2,0.8454,True,2,0.8808,True
144653,16,16,0.9087,True,16,0.954,True
114131,24,24,0.461,True,24,0.8333,True
80713,10,10,0.6521,True,10,0.5931,True
104165,2,2,0.6374,True,2,0.4198,True
13535,16,16,0.9753,True,16,0.9838,True
27469,4,24,0.6057,False,24,0.467,False
53851,16,16,0.7786,True,16,0.9127,True
18430,28,28,0.9872,True,28,0.9945,True
47945,26,26,0.8552,True,26,0.977,True
28247,5,5,0.8167,True,5,0.9307,True
15760,30,30,0.6021,True,30,0.5186,True
21807,16,16,0.9904,True,16,0.9559,True
147701,24,24,0.7704,True,24,0.8868,True
155469,8,28,0.5349,False,28,0.6707,False
73645,30,30,0.8164,True,30,0.967,True
115633,26,26,0.5896,True,26,0.8431,True
32226,24,24,0.3112,True,24,0.3253,True
132829,27,27,0.523,True,27,0.7605,True
5803,24,24,0.3185,True,4,0.4028,False
20909,20,34,0.4119,False,20,0.2963,True
36991,24,24,0.8702,True,24,0.8155,True
25580,16,16,0.7711,True,16,0.8591,True
118419,27,16,0.8626,False,16,0.9262,False
81867,16,16,0.9036,True,16,0.9302,True
9826,24,24,0.2409,True,24,0.3875,True
10922,2,33,0.3374,False,2,0.2967,True
72719,16,16,0.9501,True,16,0.9097,True
111939,30,30,0.9808,True,30,0.9755,True
135709,26,24,0.2014,False,24,0.4807,False
12916,34,5,0.7962,False,5,0.8097,False
105674,38,38,0.8511,True,38,0.953,True
3560,16,16,0.9922,True,16,0.9448,True
71048,16,16,0.6488,True,16,0.9483,True
124172,24,24,0.8667,True,24,0.8967,True
85083,8,4,0.4064,False,4,0.6183,False
78355,8,8,0.9967,True,8,0.5429,True
137881,22,2,0.5868,False,2,0.6853,False
24332,27,16,0.4103,False,3,0.3,False
25172,6,6,0.5383,True,6,0.5668,True
125585,34,34,0.8874,True,34,0.7029,True
149562,27,27,0.8931,True,27,0.8488,True
95359,3,26,0.2926,False,26,0.3988,False
146317,19,19,0.9456,True,19,0.9944,True
166821,5,5,0.8605,True,5,0.6348,True
85241,16,16,0.4936,True,16,0.8892,True
157183,23,4,0.7231,False,4,0.874,False
77239,9,2,0.6367,False,2,0.7044,False
165314,28,28,0.9609,True,28,0.9576,True
68445,24,24,0.8747,True,24,0.8826,True
134542,31,30,0.4,False,31,0.5911,True
129675,28,28,0.8514,True,28,0.995,True
114823,10,24,0.5651,False,24,0.6997,False
42196,9,9,0.6914,True,9,0.7335,True
130566,34,34,0.6919,True,34,0.726,True
167668,8,8,0.8476,True,8,0.8233,True
58023,24,24,0.9974,True,24,0.9218,True
90066,16,16,0.9759,True,16,0.9592,True
31731,16,16,0.4211,True,16,0.54,True
168359,2,2,0.6666,True,2,0.7856,True
111859,10,10,0.454,True,10,0.442,True
91384,23,5,0.7014,False,5,0.5772,False
32156,16,16,0.923,True,16,0.8981,True
148290,24,24,0.5638,True,24,0.5976,True
8395,19,19,0.9625,True,19,0.7997,True
85047,10,10,0.714,True,10,0.4771,True
116523,10,2,0.3337,False,2,0.5902,False
63152,4,4,0.8131,True,4,0.9308,True
89922,24,24,0.4841,True,24,0.6068,True
167961,28,28,0.8982,True,28,0.9984,True
120649,26,26,0.9789,True,26,0.8882,True
20013,10,34,0.6878,False,34,0.6109,False
139828,16,16,0.6362,True,16,0.9486,True
26027,26,26,0.7559,True,26,0.8818,True
151918,28,28,0.9674,True,28,0.9958,True
52649,16,16,0.9519,True,16,0.9369,True
77215,16,16,0.6431,True,16,0.9317,True
72153,35,34,0.4047,False,5,0.7248,False
35821,2,34,0.3882,False,39,0.4479,False
37818,27,27,0.8175,True,27,0.6101,True
91688,27,4,0.2183,False,4,0.5929,False
116390,16,16,0.9077,True,16,0.9819,True
67590,23,2,0.4901,False,2,0.7211,False
61806,26,26,0.8537,True,26,0.9613,True
153475,24,24,0.5949,True,24,0.6805,True
128445,28,28,0.5242,True,28,0.6502,True
155958,27,27,0.4036,True,27,0.5192,True
146194,34,34,0.8499,True,34,0.6527,True
140175,16,30,0.5179,False,30,0.7143,False
111664,3,26,0.3972,False,26,0.5111,False
143568,10,10,0.3172,True,10,0.3386,True
81735,30,24,0.3097,False,24,0.3658,False
161751,24,24,0.9855,True,24,0.9719,True
145253,31,30,0.4826,False,30,0.7975,False
87084,28,28,0.9544,True,28,0.9989,True
76765,24,24,0.488,True,24,0.6936,True
151122,39,39,0.3172,True,39,0.2964,True
51288,36,36,0.9682,True,36,0.9313,True
3761,31,16,0.6324,False,16,0.9462,False
33497,12,23,0.3325,False,23,0.3223,False
155367,28,28,0.9619,True,28,0.8143,True
98128,5,5,0.323,True,5,0.4742,True
7824,24,28,0.4916,False,24,0.62,True
129106,24,24,0.7687,True,24,0.5309,True
133840,28,28,0.9983,True,28,0.9806,True
56351,28,28,0.9877,True,28,0.9758,True
45397,30,30,0.6117,True,30,0.8745,True
159306,30,30,0.9941,True,30,0.9842,True
41553,16,16,0.6808,True,16,0.9001,True
101054,4,4,0.3641,True,4,0.4125,True
2223,16,16,0.9494,True,16,0.9829,True
17125,24,24,0.6079,True,24,0.4636,True
60111,10,34,0.4359,False,34,0.6795,False
39180,8,5,0.5384,False,5,0.5203,False
135784,9,34,0.5368,False,20,0.2433,False
137365,30,16,0.1917,False,30,0.2835,True
37688,19,19,0.6094,True,19,0.6119,True
40331,24,24,0.4954,True,24,0.5317,True
166062,10,10,0.501,True,24,0.451,False
110331,22,2,0.8415,False,2,0.8416,False
12786,19,2,0.4607,False,2,0.5752,False
71885,28,16,0.3078,False,16,0.4707,False
107961,30,30,0.8322,True,30,0.8826,True
109860,39,26,0.2636,False,26,0.1601,False
168939,16,16,0.7489,True,16,0.5031,True
11375,2,2,0.5765,True,2,0.9349,True
138473,34,34,0.9599,True,34,0.8184,True
52674,16,16,0.9994,True,16,0.9827,True
143070,5,28,0.8722,False,28,0.8832,False
149162,10,10,0.9995,True,10,0.8587,True
113777,7,5,0.2928,False,34,0.4686,False
93576,7,24,0.2169,False,13,0.4528,False
123645,30,30,0.5867,True,30,0.9186,True
127483,24,10,0.6063,False,10,0.5211,False
72284,16,16,0.2396,True,13,0.3004,False
71852,25,25,0.8004,True,4,0.5978,False
103000,4,4,0.8114,True,4,0.5622,True
58975,27,5,0.1414,False,16,0.8472,False
122345,10,19,0.1639,False,10,0.3365,True
143017,26,26,0.9524,True,26,0.791,True
46888,30,24,0.3762,False,13,0.5202,False
157703,8,8,0.8606,True,8,0.6948,True
92497,6,16,0.1682,False,16,0.6396,False
74005,29,29,0.3268,True,5,0.3564,False
44918,6,6,0.4749,True,3,0.5171,False
121117,13,13,0.3907,True,13,0.3738,True
26653,28,28,0.5927,True,28,0.2901,True
112774,24,24,0.2887,True,24,0.6405,True
85245,24,16,0.3603,False,16,0.4772,False
82271,19,27,0.8285,False,27,0.6744,False
31272,14,14,0.5835,True,14,0.9152,True
28527,28,24,0.463,False,24,0.7372,False
142515,34,34,0.9517,True,34,0.801,True
162636,16,16,0.6462,True,16,0.9696,True
42062,9,9,0.6208,True,9,0.8595,True
11113,36,36,0.6116,True,36,0.9372,True
66317,16,16,0.3083,True,24,0.592,False
59893,26,26,0.9479,True,26,0.9453,True
153135,24,24,0.628,True,24,0.6942,True
168415,16,16,0.9124,True,16,0.9581,True
36306,16,16,0.9663,True,16,0.9547,True
94676,22,22,0.9566,True,22,0.5348,True
117902,36,36,0.9121,True,36,0.9822,True
80277,16,16,0.938,True,16,0.9434,True
163779,2,2,0.5803,True,2,0.6856,True
4325,34,34,0.5826,True,34,0.9216,True
3073,4,4,0.594,True,4,0.832,True
78805,27,16,0.8562,False,16,0.9377,False
34270,28,28,0.9993,True,28,0.9589,True
59783,34,34,0.4485,True,26,0.4258,False
29331,28,28,0.7382,True,28,0.8829,True
163637,34,34,0.7315,True,34,0.5112,True
57740,13,13,0.4705,True,13,0.4068,True
162834,37,10,0.3469,False,10,0.7079,False
19356,7,7,0.7302,True,7,0.5465,True
106189,30,30,0.7937,True,30,0.9251,True
66175,16,16,0.6706,True,16,0.7788,True
8093,16,16,0.9569,True,16,0.7319,True
132297,24,30,0.8635,False,30,0.9373,False
160297,18,18,0.9771,True,18,0.9902,True
69261,10,23,0.3055,False,23,0.6142,False
143724,16,16,0.9219,True,16,0.7333,True
133548,26,36,0.4383,False,36,0.6122,False
31669,4,8,0.4673,False,8,0.6935,False
14438,8,8,0.7426,True,8,0.8594,True
87220,24,24,0.5784,True,24,0.7796,True
55920,23,26,0.4997,False,26,0.4112,False
121157,8,8,0.5216,True,8,0.5256,True
66002,36,36,0.9619,True,36,0.9556,True
13361,16,16,0.955,True,16,0.9125,True
56564,34,34,0.984,True,34,0.8373,True
23324,10,10,0.9796,True,10,0.7699,True
107884,16,16,0.9875,True,16,0.9831,True
111304,8,8,0.89,True,8,0.7795,True
145401,3,10,0.2503,False,10,0.358,False
71722,37,37,0.4695,True,31,0.2767,False
66557,28,28,0.9986,True,28,0.9841,True
39144,24,24,0.82,True,24,0.935,True
105372,4,4,0.9827,True,4,0.9616,True
46431,4,19,0.1783,False,4,0.2366,True
131660,24,24,0.2781,True,24,0.5328,True
31295,24,24,0.6471,True,24,0.7096,True
146454,27,27,0.9306,True,27,0.8302,True
69339,10,24,0.6153,False,16,0.5188,False
41058,16,16,0.785,True,16,0.8341,True
30650,23,23,0.9995,True,23,0.936,True
51473,34,28,0.8404,False,28,0.8986,False
25676,28,28,0.9906,True,28,0.9639,True
121846,31,30,0.4178,False,31,0.4824,True
13678,24,24,0.6553,True,24,0.6488,True
15780,37,37,0.6889,True,37,0.5993,True
30376,8,8,0.5541,True,8,0.737,True
34513,39,34,0.2109,False,10,0.2112,False
24863,34,34,0.8613,True,34,0.9226,True
52011,22,22,0.7902,True,22,0.7051,True
120117,10,10,0.6324,True,24,0.5087,False
162869,24,24,0.9053,True,24,0.8467,True
159438,16,16,0.6131,True,24,0.3364,False
14355,4,4,0.6347,True,4,0.5735,True
76099,39,34,0.626,False,34,0.6342,False
29972,28,28,0.9996,True,28,0.9956,True
99623,6,6,0.986,True,6,0.9489,True
137518,24,24,0.405,True,24,0.7919,True
47166,30,30,0.9999,True,30,0.9938,True
34438,28,28,0.5922,True,28,0.957,True
141648,28,28,0.922,True,28,0.9923,True
129175,24,10,0.9321,False,10,0.5408,False
129098,28,28,0.9997,True,28,0.999,True
80243,5,16,0.5,False,16,0.6063,False
123375,34,34,0.3759,True,34,0.2748,True
89639,5,5,0.8204,True,5,0.4766,True
52716,16,16,0.3624,True,24,0.4715,False
67871,28,28,0.8896,True,28,0.9872,True
64720,24,24,0.6773,True,24,0.9021,True
135112,13,18,0.9322,False,18,0.6459,False
1397,13,18,0.9523,False,18,0.49,False
126384,24,24,0.6104,True,24,0.6637,True
143046,33,33,0.9534,True,33,0.5308,True
29639,32,5,0.4272,False,5,0.8208,False
99703,28,28,0.964,True,28,0.9491,True
167236,10,24,0.3506,False,24,0.5778,False
134615,34,34,0.7085,True,5,0.5051,False
90579,24,24,0.3079,True,24,0.5012,True
78916,34,34,0.7242,True,34,0.6113,True
121823,16,16,0.9918,True,16,0.9389,True
5810,10,10,0.385,True,10,0.3349,True
165599,28,28,0.521,True,28,0.9031,True
117477,8,8,0.7216,True,8,0.8205,True
49243,34,34,0.969,True,34,0.9063,True
10039,30,30,0.6591,True,30,0.7117,True
93886,27,27,0.9793,True,27,0.9659,True
24224,28,28,0.7875,True,28,0.9087,True
48472,16,16,0.7063,True,16,0.9598,True
16210,19,19,0.217,True,36,0.2967,False
26342,24,10,0.4501,False,10,0.5401,False
113942,22,22,0.8082,True,22,0.648,True
101969,5,5,0.697,True,5,0.5889,True
70488,20,20,0.4673,True,20,0.5331,True
115487,24,24,0.6315,True,4,0.473,False
81769,37,37,0.481,True,4,0.5513,False
156821,24,16,0.6928,False,16,0.7035,False
123136,7,17,0.2958,False,16,0.5838,False
78864,24,24,0.5136,True,24,0.6991,True
89863,2,2,0.4831,True,2,0.5358,True
64113,2,2,0.7538,True,2,0.8222,True
13419,16,16,0.806,True,16,0.9096,True
63596,33,33,0.5538,True,33,0.5774,True
167479,5,5,0.447,True,5,0.5333,True
48782,8,8,0.971,True,8,0.9612,True
100469,27,27,0.8935,True,27,0.9513,True
31997,16,16,0.4969,True,16,0.8772,True
79586,2,2,0.982,True,2,0.9334,True
120633,30,30,0.9674,True,30,0.9607,True
22816,24,18,0.2356,False,13,0.5079,False
28452,34,34,0.5191,True,34,0.6699,True
61166,8,28,0.7527,False,28,0.9721,False
62730,8,8,0.528,True,28,0.6084,False
56778,24,24,0.5822,True,24,0.7572,True
129082,1,30,0.4386,False,30,0.822,False
73245,16,16,0.7065,True,16,0.9712,True
130280,16,24,0.3599,False,24,0.6857,False
165664,26,26,0.9267,True,26,0.9703,True
117842,21,5,0.5531,False,5,0.4602,False
32785,28,28,0.9988,True,28,0.9975,True
82465,28,28,0.9721,True,28,0.9757,True
138843,9,9,0.7265,True,9,0.7507,True
115847,16,16,0.654,True,16,0.9122,True
128339,7,0,0.4478,False,0,0.5951,False
43538,30,30,0.9286,True,30,0.9455,True
158733,24,24,0.8856,True,24,0.7705,True
101391,24,24,0.9666,True,24,0.8453,True
72478,24,24,0.968,True,24,0.8371,True
22100,16,16,0.8372,True,16,0.8922,True
74325,10,10,0.3775,True,10,0.3054,True
76263,13,13,0.7323,True,13,0.8989,True
37221,16,16,0.8489,True,16,0.8502,True
35649,24,30,0.1792,False,30,0.6809,False
123238,28,28,0.9999,True,28,0.9947,True
109816,39,39,0.2119,True,28,0.2728,False
41195,28,28,0.9976,True,28,0.9984,True
51463,28,28,0.8143,True,28,0.938,True
157647,8,8,0.8254,True,8,0.9588,True
126415,24,24,0.931,True,24,0.9587,True
48409,8,8,0.6994,True,5,0.5384,False
59408,28,28,0.6489,True,28,0.8672,True
167971,28,28,0.9749,True,28,0.9745,True
98143,31,38,0.2782,False,38,0.3696,False
63665,24,24,0.8733,True,24,0.8565,True
147493,28,28,0.9778,True,28,0.9837,True
89221,27,16,0.5584,False,16,0.8083,False
108971,8,28,0.5721,False,28,0.7294,False
144120,4,24,0.324,False,24,0.3551,False
94813,17,20,0.7728,False,20,0.8856,False
57654,24,24,0.5418,True,24,0.494,True
114255,28,28,0.7992,True,28,0.9283,True
143199,39,26,0.4285,False,26,0.489,False
149892,2,2,0.5602,True,2,0.7562,True
13494,16,16,0.5276,True,16,0.5268,True
160594,16,16,0.9874,True,16,0.953,True
6696,28,16,0.7865,False,16,0.7504,False
41489,16,16,0.6914,True,16,0.7414,True
67489,16,16,0.5398,True,16,0.4601,True
102855,26,26,0.318,True,26,0.4391,True
36757,8,8,0.5313,True,23,0.1676,False
139541,28,28,0.8559,True,28,0.971,True
38208,24,24,0.434,True,24,0.307,True
93204,2,2,0.6394,True,2,0.6513,True
24635,16,16,0.9113,True,16,0.9707,True
22711,5,34,0.4198,False,5,0.5146,True
99669,16,16,0.9387,True,16,0.9336,True
2893,24,24,0.5825,True,24,0.5932,True
11607,30,30,0.371,True,30,0.6683,True
9645,23,23,0.4361,True,23,0.6819,True
161555,26,26,0.6247,True,26,0.9253,True
122037,16,16,0.9374,True,16,0.9653,True
130641,24,24,0.9754,True,24,0.8702,True
163320,2,2,0.4543,True,2,0.7079,True
31162,24,24,0.4598,True,16,0.6388,False
88227,10,10,0.3696,True,23,0.2111,False
5617,9,34,0.672,False,34,0.5976,False
28146,28,28,0.9891,True,28,0.9919,True
58506,28,28,0.9561,True,28,0.9385,True
33041,30,30,0.6147,True,30,0.856,True
30076,34,28,0.576,False,28,0.6199,False
105648,24,24,0.5668,True,16,0.5013,False
26555,28,28,0.4575,True,8,0.5809,False
129187,2,33,0.6018,False,2,0.5089,True
104486,10,23,0.5944,False,23,0.6289,False
133459,30,30,0.8501,True,30,0.9149,True
116866,22,22,0.7856,True,22,0.7041,True
65176,28,28,0.9997,True,28,0.9841,True
60343,24,28,0.3135,False,28,0.9224,False
88644,25,30,0.3589,False,30,0.7679,False
31784,28,28,0.9761,True,28,0.6722,True
18843,28,28,0.976,True,28,0.9448,True
50988,19,19,0.4146,True,19,0.4076,True
164978,33,2,0.2498,False,9,0.2883,False
83455,26,26,0.4523,True,26,0.4967,True
65268,4,4,0.49,True,28,0.79,False
56466,28,28,0.7871,True,28,0.9857,True
29121,36,36,0.9241,True,36,0.9446,True
148281,24,10,0.2733,False,10,0.3974,False
100236,10,10,0.9652,True,10,0.7648,True
99190,5,24,0.4315,False,24,0.7177,False
1375,13,13,0.354,True,11,0.2704,False
55157,8,28,0.3924,False,28,0.6299,False
77880,28,28,0.6521,True,28,0.9214,True
131601,16,16,0.9427,True,16,0.9691,True
48496,24,28,0.6179,False,28,0.8315,False
51876,24,24,0.754,True,24,0.7349,True
136959,39,39,0.9842,True,39,0.6402,True
51478,39,34,0.53,False,34,0.8512,False
14819,8,28,0.8776,False,28,0.9427,False
52052,2,36,0.559,False,36,0.6709,False
112680,1,16,0.8808,False,16,0.6443,False
4081,28,28,0.8458,True,28,0.932,True
96773,9,9,0.89,True,9,0.8573,True
50068,8,28,0.6646,False,28,0.8326,False
42922,3,10,0.2974,False,27,0.2233,False
98811,10,28,0.5753,False,28,0.5887,False
473,28,8,0.3804,False,8,0.4806,False
39538,4,4,0.7698,True,4,0.7033,True
111351,28,8,0.4341,False,28,0.522,True
118024,28,28,0.9437,True,28,0.8756,True
133038,27,27,0.8941,True,27,0.9799,True
10901,27,16,0.6884,False,16,0.8902,False
14371,30,30,0.3043,True,38,0.4863,False
50780,36,2,0.7174,False,2,0.8283,False
71522,27,27,0.8507,True,27,0.8707,True
28275,4,4,0.8074,True,4,0.816,True
62206,16,16,0.6308,True,16,0.8617,True
64526,24,24,0.4598,True,24,0.599,True
3797,13,24,0.8601,False,24,0.8201,False
57389,28,28,0.8745,True,28,0.986,True
80193,36,4,0.8901,False,4,0.9072,False
91048,33,33,0.7922,True,33,0.5856,True
163110,2,2,0.6531,True,2,0.5557,True
48178,19,28,0.6437,False,28,0.7299,False
103596,5,8,0.5823,False,8,0.6031,False
60152,16,10,0.7275,False,10,0.785,False
48346,10,3,0.4355,False,3,0.3908,False
128025,10,2,0.3084,False,10,0.4702,True
20235,28,28,0.9992,True,28,0.9796,True
152482,20,20,0.6025,True,34,0.3211,False
34476,28,28,0.9898,True,28,0.9855,True
147393,5,5,0.7955,True,5,0.7257,True
43126,26,26,0.6244,True,26,0.9247,True
164611,5,5,0.9039,True,5,0.748,True
117185,24,24,0.8624,True,24,0.8353,True
85191,16,16,0.9949,True,16,0.822,True
167493,16,16,0.6013,True,16,0.8625,True
38150,10,10,0.6824,True,10,0.6374,True
97402,16,16,0.9889,True,16,0.9744,True
136035,24,16,0.6416,False,16,0.6703,False
12121,16,28,0.7532,False,28,0.9592,False
154920,26,26,0.9864,True,26,0.956,True
11109,3,3,0.6861,True,6,0.6156,False
123655,28,28,0.933,True,28,0.8528,True
963,31,31,0.4655,True,31,0.2829,True
88341,10,27,0.4287,False,10,0.4415,True
62868,4,4,0.87,True,4,0.6258,True
163327,34,34,0.6947,True,34,0.7847,True
18490,16,16,0.8614,True,16,0.9618,True
165150,16,16,0.8296,True,16,0.8433,True
105457,28,28,0.9775,True,28,0.9949,True
157925,31,31,0.9341,True,31,0.7731,True
100112,2,2,0.8378,True,2,0.9075,True
87011,10,10,0.93,True,10,0.7381,True
103195,21,22,0.619,False,22,0.864,False
118364,19,10,0.1789,False,19,0.4517,True
50501,28,28,0.9962,True,28,0.9952,True
53567,8,8,0.6846,True,8,0.6054,True
58015,31,37,0.8937,False,37,0.7903,False
161413,28,8,0.8067,False,8,0.8715,False
133605,27,24,0.5002,False,24,0.5177,False
50037,28,28,0.9836,True,28,0.9829,True
110143,26,26,0.8313,True,26,0.9433,True
71668,8,28,0.7079,False,28,0.9749,False
21724,24,24,0.3163,True,24,0.6607,True
141374,24,24,0.3056,True,24,0.8366,True
18742,28,28,0.9459,True,28,0.9835,True
93852,27,24,0.4082,False,24,0.4671,False
116824,24,24,0.3654,True,24,0.4114,True
151176,11,36,0.6267,False,36,0.9228,False
19520,31,24,0.1879,False,31,0.3353,True
84026,9,9,0.4049,True,39,0.4769,False
152650,16,16,0.9604,True,16,0.9694,True
154717,30,30,0.9689,True,30,0.9877,True
39649,24,24,0.675,True,24,0.5089,True
42211,23,24,0.3513,False,24,0.4423,False
164475,28,28,0.9423,True,28,0.9274,True
3319,4,4,0.1199,True,4,0.2141,True
39731,4,5,0.261,False,4,0.3559,True
137831,2,2,0.8153,True,2,0.9268,True
127095,28,28,0.8899,True,28,0.9627,True
45184,16,16,0.9007,True,16,0.9403,True
69243,10,10,0.91,True,10,0.7879,True
26915,28,28,0.4218,True,28,0.7367,True
50133,20,20,0.9073,True,20,0.7623,True
100246,10,10,0.4493,True,2,0.5512,False
52491,4,4,0.6224,True,4,0.8894,True
145229,22,22,0.6983,True,22,0.7375,True
64154,30,10,0.4873,False,10,0.368,False
30511,28,28,0.967,True,28,0.9083,True
120363,10,34,0.1563,False,24,0.252,False
113526,34,34,0.7609,True,34,0.7461,True
124332,24,24,0.8412,True,24,0.7999,True
160130,7,24,0.3085,False,24,0.4513,False
5980,16,16,0.9871,True,16,0.9469,True
21385,28,28,0.9282,True,28,0.9656,True
144272,34,4,0.1299,False,4,0.4172,False
22886,39,24,0.6647,False,24,0.6017,False
4417,30,30,0.7648,True,30,0.9126,True
15315,16,16,0.9027,True,16,0.9804,True
127313,39,39,0.3883,True,39,0.6723,True
71935,30,30,0.9908,True,30,0.9369,True
46118,37,37,0.9875,True,37,0.8919,True
163873,24,24,0.4077,True,24,0.7776,True
68780,16,16,0.97,True,16,0.9519,True
41222,28,28,0.9695,True,28,0.9996,True
161431,24,16,0.431,False,16,0.7155,False
87501,38,38,0.6256,True,38,0.3121,True
6540,4,4,0.9944,True,4,0.9949,True
124428,10,10,0.7731,True,10,0.6212,True
87103,5,5,0.6278,True,5,0.7412,True
36932,16,16,0.9425,True,16,0.9764,True
7623,34,26,0.5774,False,26,0.5102,False
12035,34,34,0.6846,True,34,0.8162,True
154207,30,30,0.9667,True,30,0.9539,True
100711,31,6,0.3701,False,10,0.3129,False
11063,24,16,0.8078,False,16,0.8767,False
36665,28,28,0.9929,True,28,0.9319,True
166590,16,16,0.5537,True,16,0.9896,True
168165,2,23,0.2266,False,23,0.3702,False
53127,6,30,0.5102,False,30,0.8844,False
162597,4,5,0.5219,False,5,0.7376,False
131482,16,24,0.7734,False,24,0.811,False
113940,9,34,0.5064,False,34,0.6963,False
22544,28,28,0.9995,True,28,0.9949,True
68277,23,23,0.1374,True,24,0.4466,False
78559,22,22,0.4516,True,22,0.413,True
90807,30,30,0.6328,True,30,0.7495,True
32832,30,30,0.858,True,30,0.9612,True
64602,24,24,0.5655,True,24,0.5682,True
136779,16,16,0.9729,True,16,0.9834,True
28686,33,33,0.743,True,33,0.7699,True
113912,39,34,0.6398,False,34,0.7826,False
158671,4,4,0.6126,True,4,0.8661,True
5538,28,28,0.9303,True,28,0.9954,True
55502,24,24,0.4126,True,24,0.7429,True
66444,16,24,0.4028,False,24,0.593,False
9358,16,16,0.8238,True,16,0.9701,True
46337,13,24,0.6916,False,24,0.6755,False
109432,8,5,0.3337,False,5,0.3313,False
91292,11,27,0.3949,False,10,0.4033,False
116076,8,8,0.2475,True,8,0.4542,True
169242,30,30,0.9073,True,30,0.943,True
61522,28,28,0.7851,True,28,0.6838,True
103162,28,28,0.9783,True,28,0.9911,True
80710,34,9,0.5707,False,9,0.645,False
151480,26,26,0.8279,True,26,0.9348,True
162461,34,36,0.7357,False,36,0.4642,False
65374,13,16,0.4982,False,24,0.4296,False
157334,4,37,0.2604,False,4,0.4294,True
43825,27,16,0.4943,False,16,0.708,False
104016,17,24,0.2039,False,16,0.5796,False
127190,36,36,0.594,True,36,0.8995,True
162867,5,5,0.7474,True,5,0.4399,True
156326,5,5,0.8634,True,5,0.9072,True
118080,4,4,0.7222,True,4,0.9095,True
138674,8,8,0.7278,True,4,0.6544,False
127010,28,28,0.9638,True,28,0.9989,True
20206,24,24,0.2495,True,24,0.6343,True
45457,10,10,0.3288,True,3,0.5029,False
66485,18,18,0.9557,True,18,0.8895,True
13765,16,16,0.567,True,16,0.9405,True
71919,26,26,0.7387,True,26,0.8363,True
1398,34,34,0.9568,True,34,0.7384,True
140135,6,16,0.8693,False,16,0.6808,False
148814,28,28,0.8013,True,28,0.619,True
47785,2,2,0.7124,True,2,0.6208,True
129605,28,28,0.9759,True,28,0.9529,True
118468,16,16,0.8587,True,16,0.9567,True
50829,20,20,0.5927,True,20,0.4721,True
153818,34,34,0.8912,True,34,0.7463,True
62489,33,33,0.9273,True,33,0.8338,True
75056,26,34,0.4039,False,34,0.2955,False
64529,6,27,0.2177,False,27,0.3098,False
148911,18,18,0.1907,True,13,0.4374,False
103567,16,16,0.9333,True,16,0.8616,True
125945,20,34,0.6058,False,34,0.6934,False
60442,16,16,0.8058,True,16,0.9829,True
111787,3,10,0.4973,False,10,0.4686,False
117830,28,28,0.8305,True,28,0.8464,True
32625,6,16,0.1661,False,16,0.4127,False
82499,10,36,0.4345,False,10,0.3748,True
83342,28,28,0.9909,True,28,0.9944,True
101093,26,26,0.4587,True,26,0.3857,True
8286,6,27,0.3327,False,27,0.4032,False
156507,39,39,0.7935,True,39,0.5843,True
69886,2,2,0.5975,True,2,0.6025,True
106469,16,16,0.7584,True,16,0.9082,True
134895,28,28,0.8344,True,28,0.8852,True
92160,28,28,0.658,True,28,0.7854,True
64564,2,9,0.9213,False,9,0.8246,False
24202,38,38,0.9062,True,38,0.9296,True
86869,8,8,0.9543,True,8,0.8446,True
139848,27,27,0.9547,True,27,0.878,True
147113,28,28,0.9148,True,28,0.8956,True
150815,10,10,0.6898,True,10,0.3666,True
37294,30,30,0.6852,True,30,0.6926,True
73177,34,24,0.5864,False,24,0.813,False
16386,34,8,0.9298,False,8,0.5652,False
148749,30,30,0.4168,True,30,0.6422,True
101352,28,28,0.9877,True,28,0.9914,True
16250,16,16,0.6221,True,16,0.6538,True
88568,24,16,0.4416,False,24,0.4233,True
107700,22,22,0.8039,True,22,0.6475,True
98984,10,38,0.6084,False,38,0.7863,False
91533,8,8,0.76,True,8,0.7242,True
59847,23,23,0.8875,True,23,0.8477,True
62506,3,26,0.4336,False,26,0.6558,False
46027,19,19,0.7908,True,19,0.8992,True
83131,34,24,0.2413,False,36,0.3909,False
2724,28,28,0.5391,True,9,0.6241,False
154663,24,27,0.3764,False,24,0.3456,True
37592,24,24,0.6177,True,24,0.6034,True
147649,4,4,0.893,True,4,0.9065,True
121582,34,9,0.3887,False,9,0.4016,False
139796,16,16,0.5525,True,24,0.629,False
114032,2,33,0.5175,False,33,0.4126,False
85681,16,16,0.6669,True,16,0.9761,True
168476,24,24,0.3974,True,24,0.8488,True
68370,24,24,0.7047,True,24,0.5932,True
132967,16,16,0.8086,True,16,0.9772,True
81108,4,4,0.8949,True,4,0.7499,True
21004,16,16,0.9865,True,16,0.9864,True
168428,26,26,0.4143,True,26,0.9077,True
71493,30,30,0.852,True,30,0.9844,True
95846,16,16,0.8781,True,16,0.9523,True
122627,9,9,0.6707,True,9,0.6757,True
46014,9,9,0.6829,True,9,0.6059,True
118031,8,8,0.4528,True,4,0.5191,False
116212,30,30,0.7753,True,30,0.829,True
131976,14,14,0.6494,True,14,0.4826,True
40892,27,16,0.381,False,16,0.364,False
53515,2,2,0.5362,True,2,0.6683,True
89419,4,28,0.8391,False,28,0.8611,False
164811,24,24,0.535,True,24,0.7691,True
159330,30,30,0.6525,True,30,0.6804,True
169098,28,28,0.7629,True,28,0.9762,True
139095,30,30,0.8516,True,30,0.9039,True
109744,25,28,0.7943,False,28,0.7035,False
16429,16,16,0.7659,True,16,0.9217,True
155823,16,16,0.8964,True,16,0.9143,True
74247,28,5,0.4313,False,5,0.4245,False
83681,5,5,0.8133,True,5,0.8935,True
100740,24,24,0.8141,True,24,0.5644,True
164492,39,9,0.3911,False,9,0.4226,False
40354,36,36,0.4151,True,36,0.8157,True
25305,28,28,0.9999,True,28,0.9978,True
53323,28,28,0.8047,True,28,0.8215,True
19792,10,26,0.173,False,26,0.338,False
120024,2,2,0.7064,True,2,0.7433,True
128659,28,28,0.8585,True,28,0.9581,True
124012,28,28,0.9507,True,28,0.9421,True
126085,24,24,0.2768,True,24,0.4187,True
110468,3,37,0.7938,False,37,0.5447,False
156143,5,5,0.6806,True,5,0.6557,True
95141,31,31,0.5819,True,31,0.6674,True
64107,10,24,0.519,False,24,0.4447,False
27969,28,28,0.9859,True,28,0.8568,True
93352,16,24,0.3823,False,24,0.4231,False
152665,28,28,0.9808,True,28,0.9857,True
30242,15,24,0.172,False,24,0.3421,False
109583,24,24,0.7929,True,24,0.7954,True
136103,16,16,0.7156,True,16,0.9733,True
120875,27,24,0.4379,False,19,0.4534,False
136467,26,26,0.3907,True,26,0.6844,True
28186,24,24,0.5508,True,24,0.747,True
29937,13,13,0.8927,True,13,0.7445,True
120831,24,30,0.4979,False,30,0.7279,False
15931,24,30,0.6163,False,30,0.8322,False
70056,34,34,0.8838,True,34,0.5599,True
79978,10,24,0.6341,False,24,0.6436,False
32489,16,16,0.9705,True,16,0.989,True
99267,26,26,0.9867,True,26,0.9498,True
105895,24,24,0.7689,True,24,0.7802,True
120397,10,10,0.9788,True,10,0.8247,True
23037,8,8,0.938,True,8,0.863,True
43920,4,4,0.8747,True,4,0.8993,True
145713,9,9,0.908,True,9,0.8543,True
41903,16,16,0.9277,True,16,0.9752,True
117005,13,16,0.7525,False,16,0.6645,False
6702,4,4,0.6562,True,4,0.875,True
117945,16,16,0.6275,True,16,0.361,True
130766,1,16,0.6757,False,16,0.9256,False
68845,24,30,0.3577,False,30,0.4025,False
42960,30,30,0.9669,True,30,0.9915,True
142417,16,16,0.8792,True,16,0.9038,True
131424,10,24,0.5227,False,24,0.5377,False
150143,23,23,0.4899,True,23,0.3144,True
46470,16,16,0.9718,True,16,0.9911,True
122532,16,16,0.9701,True,16,0.9557,True
120273,24,16,0.4814,False,16,0.5115,False
32618,28,28,0.8838,True,28,0.9936,True
57821,16,16,0.8752,True,16,0.9024,True
56463,4,4,0.9426,True,4,0.972,True
42009,30,30,0.735,True,30,0.7412,True
136813,24,24,0.6665,True,24,0.5022,True
78389,28,28,0.3637,True,28,0.4864,True
65023,23,23,0.5248,True,23,0.5747,True
74303,5,5,0.5704,True,5,0.6404,True
54814,5,5,0.444,True,5,0.3942,True
38277,28,28,0.6678,True,28,0.942,True
41545,28,28,0.9543,True,28,0.9564,True
146153,16,16,0.658,True,16,0.8069,True
78693,24,24,0.3989,True,16,0.4645,False
94046,0,24,0.5325,False,24,0.3245,False
70161,30,30,0.9891,True,30,0.982,True
35089,31,31,0.3839,True,31,0.5763,True
147161,5,23,0.4961,False,23,0.4627,False
79999,8,8,0.7495,True,8,0.5739,True
167894,24,24,0.4176,True,24,0.587,True
143991,34,34,0.9848,True,34,0.9611,True
139369,27,16,0.5242,False,16,0.5317,False
8599,25,25,0.8288,True,25,0.7806,True
83069,2,22,0.5355,False,2,0.5524,True
159814,16,16,0.9877,True,16,0.9916,True
22019,33,33,0.473,True,2,0.6982,False
18928,30,30,0.5447,True,30,0.7794,True
60299,24,16,0.6642,False,16,0.6036,False
78879,9,34,0.4715,False,24,0.5417,False
136717,28,28,0.8582,True,28,0.9733,True
30986,24,24,0.8787,True,24,0.7329,True
76140,28,26,0.8556,False,26,0.7567,False
75444,24,16,0.7446,False,16,0.7843,False
9961,36,36,0.9099,True,36,0.8817,True
67179,34,34,0.7861,True,34,0.6996,True
101257,24,37,0.3221,False,5,0.4351,False
131668,8,8,0.9754,True,8,0.9111,True
17524,16,16,0.8115,True,16,0.9348,True
30397,19,27,0.3185,False,5,0.3655,False
127323,16,16,0.4774,True,24,0.4275,False
153336,24,24,0.6131,True,24,0.8653,True
70125,24,10,0.3936,False,10,0.4666,False
6528,8,8,0.9437,True,8,0.8539,True
153420,6,28,0.1161,False,8,0.2047,False
161556,24,16,0.3096,False,16,0.5067,False
152853,24,16,0.7176,False,16,0.8999,False
161587,34,37,0.7467,False,37,0.6527,False
129362,34,34,0.921,True,34,0.7084,True
61545,26,24,0.2578,False,24,0.3629,False
12046,28,28,0.5846,True,28,0.9698,True
55183,10,24,0.8286,False,24,0.9054,False
55466,16,16,0.6588,True,16,0.9808,True
116527,2,9,0.6568,False,9,0.6902,False
114965,16,16,0.8194,True,16,0.7829,True
25359,31,30,0.4781,False,30,0.4903,False
28765,28,28,0.8788,True,28,0.9295,True
106367,8,28,0.5333,False,28,0.6918,False
124493,0,28,0.9995,False,28,0.9288,False
103269,10,0,0.484,False,24,0.4203,False
62103,24,24,0.3496,True,24,0.3894,True
39179,24,24,0.4595,True,24,0.6312,True
30895,2,2,0.6074,True,2,0.6819,True
13551,19,19,0.7407,True,19,0.7204,True
110565,27,27,0.994,True,27,0.9997,True
154604,31,24,0.6235,False,24,0.6577,False
61231,28,28,0.9324,True,28,0.9943,True
156738,13,24,0.2704,False,30,0.3964,False
116678,24,24,0.8915,True,24,0.979,True
85497,16,16,0.4576,True,24,0.3665,False
60203,30,30,0.8793,True,30,0.9032,True
30530,14,14,0.8303,True,14,0.6261,True
140307,22,22,0.6318,True,22,0.5238,True
20381,28,28,0.9587,True,28,0.9939,True
21722,16,16,0.7109,True,16,0.691,True
46941,16,16,0.4737,True,16,0.6132,True
38988,31,31,0.3437,True,31,0.723,True
17902,4,4,0.5085,True,4,0.6208,True
155535,28,28,0.6255,True,28,0.5812,True
141671,28,28,0.7993,True,28,0.9745,True
45773,28,28,0.8414,True,28,0.8108,True
45754,10,10,0.5902,True,10,0.6119,True
29979,19,2,0.3815,False,2,0.372,False
111148,8,8,0.9696,True,8,0.9632,True
64854,30,30,0.2971,True,26,0.3768,False
94996,5,5,0.7429,True,5,0.7611,True
127189,24,10,0.5078,False,16,0.3947,False
20351,34,34,0.7108,True,34,0.9213,True
159514,4,4,0.7725,True,4,0.9711,True
100107,11,5,0.4103,False,5,0.338,False
12859,16,16,0.7356,True,16,0.7712,True
75351,8,8,0.7464,True,8,0.6578,True
137562,8,8,0.9954,True,8,0.8913,True
51561,10,10,0.3931,True,10,0.2879,True
90127,26,26,0.6812,True,26,0.7789,True
104558,16,24,0.589,False,24,0.5325,False
27983,16,16,0.983,True,16,0.9692,True
17308,17,17,0.4076,True,17,0.3553,True
140675,24,24,0.8081,True,24,0.5902,True
64655,24,34,0.2138,False,34,0.4631,False
135553,8,8,0.9048,True,8,0.9462,True
17364,34,34,0.7379,True,36,0.4801,False
45791,30,30,0.6809,True,30,0.7652,True
58143,16,16,0.7448,True,16,0.7713,True
88067,28,28,0.9127,True,28,0.6878,True
800,24,24,0.8925,True,24,0.8682,True
323,8,8,0.5189,True,8,0.4961,True
48154,8,8,0.6946,True,8,0.5471,True
120244,17,24,0.2077,False,24,0.2837,False
160872,16,16,0.9853,True,16,0.9718,True
117325,10,26,0.525,False,26,0.4891,False
13897,30,30,0.4874,True,30,0.7648,True
37152,28,28,0.9999,True,28,0.9967,True
54354,30,30,0.4946,True,30,0.591,True
125500,24,30,0.6112,False,30,0.7228,False
11128,30,30,0.6814,True,30,0.9456,True
137906,23,23,0.7728,True,23,0.4699,True
143106,28,28,0.9839,True,28,0.8819,True
28102,5,5,0.9348,True,5,0.8767,True
73766,24,34,0.4086,False,34,0.4252,False
166550,24,16,0.6128,False,16,0.6973,False
30972,16,16,0.9903,True,16,0.9775,True
155721,28,4,0.8846,False,4,0.891,False
42111,23,23,0.9883,True,23,0.9014,True
71870,24,24,0.8516,True,24,0.5629,True
26381,7,0,0.8,False,0,0.741,False
96089,16,16,1.0,True,16,0.9825,True
165458,28,28,0.9255,True,28,0.9459,True
63282,28,28,0.7868,True,28,0.9012,True
52547,19,19,0.9706,True,19,0.9884,True
23346,37,37,1.0,True,37,0.9811,True
99953,13,24,0.441,False,24,0.6205,False
34957,16,16,0.8496,True,16,0.8024,True
156121,16,24,0.4988,False,24,0.6709,False
148043,19,5,0.2897,False,5,0.332,False
112902,26,30,0.3569,False,26,0.4284,True
1325,24,24,0.6294,True,24,0.9418,True
125652,27,27,0.9672,True,27,0.8677,True
122489,10,10,0.7027,True,10,0.3932,True
24968,16,16,0.5848,True,16,0.7293,True
59948,28,28,0.9999,True,28,0.9636,True
151943,13,24,0.2355,False,24,0.6308,False
14907,4,4,0.7068,True,4,0.831,True
111765,24,0,0.5156,False,24,0.3501,True
136460,22,22,0.9611,True,22,0.9163,True
78220,2,2,0.6455,True,33,0.4732,False
110798,23,5,0.2119,False,23,0.222,True
42556,24,24,0.3735,True,30,0.4928,False
128961,24,24,0.424,True,24,0.6563,True
6019,34,34,0.4886,True,34,0.3469,True
164130,26,26,0.6577,True,26,0.4403,True
48361,16,16,0.3572,True,16,0.8676,True
8383,28,4,0.4331,False,28,0.7881,True
138823,27,27,0.4943,True,27,0.7749,True
107586,36,8,0.63,False,8,0.6232,False
91802,34,26,0.7546,False,26,0.8008,False
74079,2,22,0.603,False,2,0.5811,True
23661,30,30,0.7928,True,30,0.9484,True
104168,30,30,0.8237,True,30,0.9656,True
49406,34,24,0.3284,False,24,0.3888,False
113995,28,28,0.9231,True,28,0.97,True
75595,16,16,0.9833,True,16,0.987,True
42827,30,30,0.484,True,30,0.59,True
141301,8,8,0.5459,True,8,0.7325,True
8158,8,28,0.5926,False,28,0.7656,False
45651,2,2,0.3979,True,2,0.7373,True
6315,30,30,0.9769,True,30,0.9671,True
88872,20,20,0.7312,True,20,0.7186,True
31148,27,19,0.2314,False,10,0.4,False
26202,28,8,0.5041,False,28,0.6687,True
158983,3,3,0.7064,True,3,0.7528,True
63457,8,8,0.3398,True,19,0.2859,False
112462,30,30,0.4908,True,31,0.5624,False
34548,4,28,0.7707,False,28,0.9606,False
70630,5,16,0.3237,False,16,0.6989,False
119796,24,24,0.3113,True,24,0.6455,True
123748,24,24,0.5671,True,24,0.4906,True
73498,24,16,0.586,False,16,0.5448,False
27649,16,16,0.6925,True,16,0.8125,True
118749,39,39,0.6997,True,39,0.479,True
33608,30,30,0.3671,True,30,0.637,True
7260,26,26,0.7706,True,26,0.921,True
38981,4,4,0.589,True,4,0.8631,True
70589,24,24,0.7213,True,24,0.5123,True
163758,33,33,0.9955,True,33,0.9552,True
16218,39,34,0.4927,False,34,0.6673,False
73295,28,28,0.9698,True,28,0.9794,True
115510,13,24,0.3158,False,24,0.3709,False
70163,24,24,0.9644,True,24,0.9336,True
3565,28,28,0.9668,True,28,0.9389,True
75659,28,28,0.8289,True,28,0.9633,True
5119,36,36,0.8402,True,36,0.9922,True
52875,28,16,0.6482,False,16,0.9732,False
40044,30,30,0.4824,True,30,0.7423,True
89557,28,2,0.1904,False,39,0.1793,False
123397,29,8,0.917,False,8,0.5747,False
115627,1,16,0.6412,False,16,0.8819,False
14342,16,16,0.977,True,16,0.9713,True
139932,30,30,0.849,True,30,0.9192,True
58447,21,10,0.7113,False,10,0.6274,False
5153,30,30,0.6653,True,30,0.9077,True
3945,10,10,0.6338,True,2,0.6912,False
48226,6,6,0.4328,True,6,0.5042,True
68503,24,24,0.6006,True,24,0.5199,True
148487,28,28,0.5972,True,28,0.4537,True
127440,16,16,0.8782,True,16,0.9097,True
1714,33,33,0.6704,True,33,0.5375,True
52688,13,5,0.6863,False,5,0.7488,False
6754,3,10,0.2428,False,10,0.2998,False
87536,28,28,0.9857,True,28,0.9976,True
128545,20,20,0.7484,True,20,0.9005,True
72170,8,8,0.9918,True,8,0.9703,True
5015,27,27,0.6652,True,27,0.6576,True
103471,5,8,0.2719,False,8,0.1729,False
11751,10,10,0.5176,True,36,0.3688,False
93221,27,27,0.4305,True,27,0.846,True
80943,28,28,0.9119,True,28,0.919,True
90905,5,36,0.887,False,36,0.9495,False
120488,23,23,0.9975,True,23,0.9798,True
3016,10,37,0.376,False,37,0.572,False
60407,16,16,0.5596,True,16,0.7463,True
6579,16,28,0.944,False,28,0.9449,False
42671,16,16,0.9961,True,16,0.9803,True
11558,30,30,0.879,True,30,0.7138,True
150088,16,16,0.7013,True,16,0.507,True
114279,24,26,0.2145,False,26,0.444,False
115656,16,16,0.6323,True,16,0.8052,True
14682,19,14,0.5958,False,14,0.4686,False
23598,30,30,0.7332,True,30,0.867,True
14085,23,31,0.2915,False,31,0.3808,False
46740,16,16,0.9019,True,16,0.9628,True
35527,5,5,0.5622,True,5,0.7172,True
120561,36,36,0.8909,True,36,0.8965,True
145156,16,16,0.8911,True,16,0.978,True
168039,16,16,0.3401,True,16,0.5104,True
3414,16,16,0.8345,True,16,0.8189,True
56376,16,16,0.6712,True,16,0.9713,True
61067,34,34,0.6446,True,34,0.5594,True
32129,28,28,0.9601,True,28,0.9893,True
66108,36,36,0.598,True,24,0.5936,False
84218,24,24,0.8161,True,24,0.6822,True
129616,28,28,0.9522,True,28,0.9807,True
85117,19,19,0.5398,True,19,0.4703,True
875,33,34,0.84,False,34,0.9093,False
1069,9,9,0.8864,True,9,0.8441,True
52988,4,4,0.8078,True,4,0.97,True
23456,8,4,0.704,False,4,0.8503,False
130582,24,16,0.312,False,16,0.3436,False
87539,7,36,0.3727,False,36,0.4963,False
21894,27,27,0.602,True,16,0.4477,False
153813,34,34,0.3894,True,4,0.354,False
163090,8,8,0.9143,True,8,0.7668,True
96827,4,4,0.5009,True,4,0.8977,True
143506,30,30,0.789,True,30,0.9717,True
36875,24,24,0.5125,True,24,0.5678,True
163435,4,4,0.5356,True,4,0.8222,True
168540,30,30,0.9605,True,30,0.8828,True
16703,22,22,0.8418,True,22,0.7823,True
76496,33,9,0.5206,False,9,0.5744,False
93294,24,24,0.8164,True,24,0.3862,True
100289,5,16,0.3797,False,16,0.6784,False
88520,16,16,0.9521,True,16,0.9437,True
167553,39,34,0.2283,False,26,0.5315,False
30130,24,16,0.3398,False,16,0.6104,False
90088,28,28,0.9735,True,28,0.9736,True
122982,16,16,0.7388,True,16,0.641,True
59477,20,20,0.6404,True,36,0.6715,False
44075,28,28,0.9753,True,28,0.994,True
125285,19,19,0.873,True,19,0.8886,True
80847,1,16,0.4983,False,16,0.1604,False
149218,6,6,0.4529,True,6,0.4548,True
150053,27,27,0.9558,True,27,0.9903,True
76763,25,25,0.6849,True,25,0.816,True
46522,10,10,0.3242,True,10,0.5603,True
122875,3,26,0.5009,False,26,0.4275,False
83311,16,24,0.5262,False,24,0.5492,False
134873,30,30,0.9338,True,30,0.9555,True
152760,24,24,0.2773,True,24,0.6412,True
57938,34,39,0.4149,False,39,0.4587,False
17307,2,10,0.4169,False,2,0.4395,True
54432,4,24,0.1695,False,24,0.3216,False
481,38,31,0.5469,False,16,0.5948,False
108338,24,16,0.4862,False,16,0.4801,False
134094,4,4,0.3556,True,4,0.7683,True
10883,23,23,0.5018,True,10,0.3141,False
56579,28,28,0.9498,True,28,0.9967,True
64011,19,26,0.4201,False,8,0.4249,False
83141,37,37,0.8618,True,37,0.9633,True
84187,16,16,0.7385,True,16,0.978,True
60829,30,30,0.8373,True,30,0.9082,True
108917,10,28,0.5033,False,28,0.9878,False
56405,16,16,0.484,True,16,0.7344,True
26896,26,31,0.2481,False,31,0.5165,False
90233,5,5,0.6267,True,5,0.3339,True
34882,16,16,0.9934,True,16,0.9425,True
166483,30,30,0.4498,True,30,0.701,True
98274,26,8,0.4946,False,28,0.4433,False
129414,24,24,0.3768,True,24,0.3891,True
99519,19,19,0.8497,True,19,0.7568,True
83558,5,5,0.8179,True,5,0.9058,True
139610,24,24,0.6923,True,24,0.7806,True
41114,10,10,0.6609,True,10,0.8623,True
78376,26,10,0.5596,False,26,0.6269,True
2609,4,10,0.2039,False,4,0.4574,True
146281,5,5,0.4032,True,5,0.275,True
38978,8,8,0.6253,True,8,0.6011,True
105165,24,24,0.7181,True,24,0.6725,True
36627,8,5,0.3888,False,5,0.3105,False
141684,8,8,0.4237,True,8,0.4447,True
25506,13,16,0.2368,False,24,0.358,False
32575,17,16,0.3586,False,16,0.4225,False
24101,5,5,0.284,True,24,0.2808,False
154155,16,16,0.7129,True,16,0.683,True
74533,24,24,0.9268,True,24,0.9006,True
102628,36,36,0.9082,True,36,0.9916,True
154534,28,28,0.7089,True,28,0.9177,True
126612,16,16,0.7534,True,16,0.8971,True
119487,30,16,0.2833,False,30,0.333,True
110157,24,24,0.7387,True,24,0.8886,True
84797,20,20,0.8487,True,20,0.6543,True
104571,16,16,0.9162,True,16,0.9334,True
131880,34,34,0.7202,True,20,0.4621,False
9669,3,26,0.5982,False,26,0.5102,False
97766,5,10,0.4864,False,10,0.591,False
120440,36,11,0.3432,False,36,0.548,True
166248,24,24,0.543,True,24,0.5116,True
44529,28,28,0.6823,True,28,0.8243,True
89728,39,28,0.2565,False,28,0.2466,False
58209,2,2,0.7318,True,2,0.8352,True
55950,26,26,0.9689,True,26,0.9783,True
38251,27,27,0.4311,True,16,0.649,False
113285,10,13,0.8233,False,13,0.8315,False
60763,34,34,0.9917,True,34,0.7667,True
140217,27,27,0.5167,True,27,0.5907,True
28119,23,23,0.4089,True,23,0.5756,True
12321,16,27,0.5682,False,16,0.5399,True
75544,24,34,0.5611,False,34,0.5433,False
128542,28,28,0.8653,True,28,0.9887,True
33987,8,8,0.6285,True,19,0.3097,False
123322,4,4,0.9572,True,4,0.9177,True
112624,24,0,0.4605,False,0,0.3668,False
129382,16,16,0.9783,True,16,0.9451,True
22351,30,30,0.7347,True,30,0.8873,True
106263,28,28,0.9767,True,28,0.9197,True
158319,24,16,0.3623,False,13,0.459,False
132163,27,16,0.6776,False,16,0.8231,False
51431,16,16,0.4329,True,16,0.601,True
153010,4,4,0.6742,True,4,0.79,True
151807,2,2,0.8003,True,2,0.9791,True
71016,24,24,0.4645,True,24,0.5472,True
76903,28,28,0.9785,True,28,0.9319,True
167796,2,2,0.9863,True,2,0.911,True
146943,38,38,0.9799,True,38,0.9545,True
147007,39,9,0.8367,False,9,0.4979,False
18142,28,28,0.8724,True,28,0.9555,True
132750,28,28,0.9888,True,28,0.9947,True
69337,28,28,0.4401,True,8,0.5118,False
102321,23,23,0.8795,True,23,0.9409,True
102911,16,16,0.9926,True,16,0.9111,True
153503,3,31,0.3162,False,3,0.2894,True
78069,24,24,0.2885,True,26,0.3613,False
47015,24,24,0.3746,True,9,0.2372,False
49677,28,28,0.5097,True,28,0.7492,True
167250,8,8,0.8892,True,8,0.7575,True
151101,21,8,0.2026,False,8,0.3839,False
12194,24,24,0.4264,True,24,0.7098,True
81267,37,4,0.2767,False,4,0.8292,False
77419,24,24,0.2518,True,24,0.393,True
4168,39,39,0.3258,True,39,0.3867,True
26241,25,25,0.5207,True,25,0.8503,True
45112,27,27,0.989,True,27,0.9981,True
52037,2,2,0.5092,True,2,0.6085,True
56535,30,30,0.8011,True,30,0.84,True
32288,26,26,0.7498,True,26,0.7763,True
146588,22,2,0.7484,False,2,0.7172,False
17991,24,24,0.3056,True,24,0.3648,True
99117,2,37,0.4639,False,37,0.4805,False
29760,24,24,0.5736,True,24,0.7137,True
150447,5,5,0.317,True,4,0.4367,False
117971,28,28,0.9961,True,28,0.9809,True
3123,9,9,0.4194,True,2,0.3981,False
121162,2,2,0.5624,True,2,0.3893,True
6972,16,16,0.4301,True,16,0.886,True
144432,28,28,0.9238,True,28,0.9884,True
145827,26,24,0.7969,False,24,0.5082,False
25985,28,28,0.8886,True,28,0.9895,True
128999,23,23,0.9087,True,23,0.7329,True
162112,24,24,0.6154,True,24,0.6305,True
115049,30,30,0.3443,True,30,0.6969,True
22311,30,30,0.6762,True,30,0.9197,True
20269,16,16,0.5707,True,16,0.7972,True
136069,6,10,0.2597,False,10,0.3577,False
9410,0,0,0.5659,True,0,0.7495,True
78003,24,16,0.7616,False,16,0.8284,False
2841,13,13,0.4152,True,13,0.5304,True
150755,30,30,0.6295,True,30,0.8132,True
32884,16,16,0.9833,True,16,0.9407,True
63132,36,24,0.2567,False,36,0.2966,True
84576,30,30,0.9647,True,30,0.9683,True
61782,34,28,0.1529,False,24,0.3069,False
124617,8,4,0.5851,False,4,0.9789,False
77295,31,30,0.3009,False,31,0.3991,True
40919,24,24,0.4529,True,24,0.4645,True
40201,5,5,0.5912,True,5,0.299,True
113422,28,28,0.9992,True,28,0.996,True
131542,28,28,0.3682,True,28,0.9065,True
24784,28,28,0.7111,True,28,0.8922,True
50158,13,13,0.5244,True,13,0.6918,True
88527,25,24,0.5005,False,24,0.3391,False
42097,16,16,0.6884,True,16,0.7374,True
111620,28,28,0.9986,True,28,0.9956,True
28542,25,25,0.5341,True,25,0.6501,True
15215,24,16,0.3864,False,13,0.3814,False
35614,24,24,0.2423,True,24,0.3402,True
42524,30,30,0.274,True,33,0.7161,False
80234,19,19,0.5366,True,19,0.6403,True
8569,8,5,0.4927,False,5,0.7355,False
81294,4,4,0.3282,True,4,0.7063,True
81811,36,36,0.6361,True,36,0.9788,True
154808,16,16,0.9235,True,16,0.9212,True
50318,16,16,0.9919,True,16,0.9917,True
131941,36,36,0.8015,True,36,0.9525,True
88026,24,24,0.2945,True,24,0.7146,True
107468,13,16,0.577,False,16,0.6153,False
40267,30,30,0.909,True,30,0.9717,True
76055,28,28,0.9297,True,28,0.9723,True
39888,2,2,0.5395,True,39,0.3941,False
73455,34,34,0.2187,True,10,0.3227,False
145526,16,16,0.976,True,16,0.9767,True
138308,23,30,0.4965,False,30,0.6281,False
75092,16,16,0.9086,True,16,0.8358,True
49992,30,30,0.9973,True,30,0.9746,True
68700,11,27,0.192,False,10,0.4559,False
164826,30,30,0.8046,True,30,0.8446,True
38386,24,24,0.518,True,24,0.8168,True
113813,10,13,0.1849,False,13,0.5086,False
165298,9,9,0.3093,True,9,0.2601,True
126975,19,19,0.546,True,19,0.6216,True
1970,22,22,0.3467,True,22,0.2553,True
111626,16,16,0.6109,True,16,0.6844,True
19057,28,28,0.7527,True,28,0.8627,True
157151,32,32,0.6319,True,32,0.5085,True
72256,31,30,0.7111,False,30,0.8673,False
126651,24,24,0.9112,True,24,0.9276,True
46797,16,16,0.5468,True,16,0.6861,True
136107,16,16,0.9161,True,16,0.945,True
162789,16,16,0.9524,True,16,0.9927,True
89222,34,34,0.7819,True,34,0.9292,True
61315,30,30,0.6534,True,30,0.9634,True
115722,27,27,0.8658,True,27,0.8342,True
40987,28,28,0.9546,True,28,0.9809,True
132983,24,10,0.4537,False,24,0.4473,True
132014,38,38,0.9012,True,38,0.8673,True
165400,7,13,0.1863,False,13,0.3293,False
17832,16,16,0.7417,True,16,0.9406,True
16986,27,16,0.8955,False,16,0.8743,False
15059,28,28,0.9815,True,28,0.9825,True
156665,16,16,0.9431,True,16,0.9216,True
50981,16,16,0.9577,True,16,0.8625,True
147981,10,10,0.9957,True,10,0.9728,True
84755,36,36,0.8918,True,36,0.9731,True
121768,28,28,0.9912,True,28,0.993,True
9193,20,20,0.9011,True,20,0.7493,True
57261,39,34,0.343,False,34,0.6335,False
123700,37,37,0.6458,True,37,0.8158,True
74793,2,2,0.8493,True,2,0.819,True
151795,28,28,0.852,True,28,0.9725,True
37050,16,16,0.8938,True,16,0.9719,True
63329,22,22,0.5496,True,22,0.709,True
117873,39,8,0.4855,False,8,0.425,False
141603,4,10,0.5528,False,10,0.4914,False
168396,4,4,0.8057,True,4,0.9331,True
131559,28,34,0.158,False,28,0.7869,True
62435,16,16,0.5039,True,24,0.3768,False
72257,16,16,0.9643,True,16,0.9865,True
119106,4,4,0.6258,True,4,0.5415,True
28808,24,16,0.4148,False,24,0.4574,True
75378,16,16,0.8233,True,16,0.9343,True
17222,24,24,0.5488,True,24,0.6454,True
141149,16,16,0.991,True,16,0.9809,True
166804,10,34,0.5038,False,13,0.373,False
78939,16,16,0.9089,True,16,0.8818,True
16096,16,16,0.9827,True,16,0.9896,True
134059,27,27,0.4067,True,27,0.646,True
119470,19,8,0.8309,False,8,0.6851,False
3027,19,19,0.9476,True,19,0.8489,True
125214,38,38,0.4264,True,38,0.4413,True
9467,24,24,0.6118,True,24,0.4994,True
135557,28,28,0.9979,True,28,0.9954,True
7323,3,26,0.8644,False,26,0.8008,False
30962,27,27,0.9838,True,27,0.9009,True
104786,25,25,0.3969,True,25,0.4435,True
48763,13,13,0.6004,True,13,0.9278,True
146230,2,2,0.4608,True,2,0.6533,True
107636,34,24,0.7385,False,24,0.6498,False
71010,16,16,0.4841,True,13,0.3725,False
39597,22,10,0.2515,False,2,0.387,False
120680,28,28,0.9982,True,28,0.9984,True
51490,38,38,0.798,True,38,0.8149,True
107013,16,16,0.6903,True,16,0.7827,True
42802,9,2,0.3547,False,2,0.8812,False
68777,16,16,0.8267,True,16,0.8987,True
108394,13,10,0.2612,False,13,0.6722,True
90392,28,28,0.4433,True,28,0.5013,True
147692,8,28,0.812,False,28,0.9077,False
76602,30,30,0.9691,True,30,0.976,True
132652,28,28,0.5932,True,28,0.9265,True
103147,24,24,0.5758,True,24,0.7715,True
38772,39,39,0.9147,True,39,0.7472,True
54196,24,16,0.5098,False,16,0.9073,False
272,16,16,0.9806,True,16,0.9813,True
110185,16,16,0.9976,True,16,0.9592,True
147879,36,9,0.3657,False,9,0.3885,False
155530,27,27,0.6775,True,27,0.973,True
104982,16,16,0.2993,True,27,0.5068,False
161546,7,7,0.4078,True,0,0.4352,False
36477,22,24,0.2947,False,24,0.5501,False
23710,27,27,0.5859,True,27,0.6924,True
112874,26,26,0.8267,True,26,0.9607,True
117403,30,30,0.7169,True,30,0.8842,True
84222,16,16,0.9313,True,16,0.9619,True
73840,0,5,0.256,False,5,0.3112,False
349,8,8,0.9599,True,8,0.8869,True
83865,31,30,0.6342,False,30,0.9714,False
66891,16,16,0.9899,True,16,0.9764,True
82496,16,16,0.6636,True,16,0.8847,True
17494,28,28,0.9559,True,28,0.9852,True
23893,10,10,0.5635,True,10,0.8143,True
44370,4,4,0.9089,True,4,0.8322,True
145691,8,34,0.3508,False,34,0.7325,False
151893,8,8,0.7448,True,8,0.8266,True
106599,16,16,0.5926,True,16,0.7396,True
16718,23,23,0.8829,True,23,0.6461,True
151985,34,9,0.39,False,9,0.6683,False
32330,10,10,0.8173,True,10,0.7596,True
138564,34,34,0.8557,True,34,0.9239,True
71368,21,8,0.535,False,8,0.4803,False
145119,34,34,0.8472,True,34,0.4575,True
81286,26,26,0.9285,True,26,0.9609,True
16917,23,23,0.8086,True,23,0.9035,True
120460,2,2,0.8038,True,2,0.9367,True
125362,16,16,0.9943,True,16,0.9497,True
126037,24,24,0.5204,True,24,0.4166,True
87625,16,16,0.9744,True,16,0.9408,True
157761,24,24,0.9411,True,24,0.7803,True
155333,8,28,0.6783,False,28,0.8827,False
109026,13,30,0.1345,False,30,0.8725,False
45905,28,28,0.9996,True,28,0.9954,True
167814,16,16,0.8863,True,16,0.983,True
35250,13,13,0.7568,True,13,0.62,True
37759,30,30,0.5095,True,30,0.8123,True
154122,13,24,0.4502,False,13,0.3815,True
26492,10,10,0.4293,True,10,0.5134,True
58691,11,11,0.4206,True,26,0.4337,False
145542,24,24,0.2832,True,24,0.569,True
126535,8,8,0.4159,True,8,0.2738,True
108512,34,36,0.5427,False,36,0.808,False
34137,10,10,0.5693,True,10,0.5962,True
123345,28,34,0.241,False,34,0.592,False
42826,4,4,0.8139,True,4,0.8359,True
32200,23,23,0.7584,True,23,0.8314,True
33628,16,24,0.6515,False,16,0.502,True
85633,24,27,0.4904,False,27,0.4335,False
43078,19,19,0.886,True,19,0.5252,True
28648,16,16,0.9178,True,16,0.8301,True
66350,19,19,0.9429,True,19,0.9312,True
116417,16,16,0.9324,True,16,0.9659,True
13618,28,28,0.4239,True,28,0.4674,True
111931,24,24,0.5543,True,24,0.8847,True
12734,39,39,0.7927,True,39,0.5473,True
69238,10,10,0.5022,True,2,0.4437,False
270,13,16,0.3625,False,16,0.4851,False
148161,33,33,0.7212,True,33,0.6408,True
93974,33,33,0.9273,True,33,0.903,True
128546,8,8,0.7043,True,23,0.8491,False
142901,16,16,0.2077,True,24,0.3606,False
72486,34,34,0.9968,True,34,0.905,True
34109,10,10,0.9843,True,10,0.9054,True
154647,24,24,0.3353,True,24,0.548,True
8473,27,24,0.138,False,16,0.1997,False
159703,5,4,0.2016,False,4,0.3963,False
156073,30,30,0.9107,True,30,0.9652,True
2992,16,16,0.7736,True,16,0.7647,True
160365,30,30,0.9058,True,30,0.9208,True
124340,38,38,0.9882,True,38,0.9664,True
33979,4,4,0.4613,True,28,0.3156,False
151823,16,16,0.6063,True,16,0.7874,True
6059,36,36,0.9547,True,36,0.7143,True
28413,24,24,0.7345,True,24,0.8886,True
142141,37,3,0.6501,False,3,0.3571,False
104311,4,4,0.209,True,4,0.5426,True
81316,24,24,0.6147,True,24,0.7836,True
116647,36,36,0.9541,True,36,0.9286,True
66173,27,27,0.6827,True,27,0.9448,True
42542,2,2,0.6068,True,2,0.7478,True
39894,31,31,0.8142,True,31,0.9583,True
126989,10,10,0.6245,True,36,0.5914,False
47517,16,16,0.9968,True,16,0.9772,True
130862,5,2,0.6286,False,2,0.7955,False
143524,9,9,0.914,True,9,0.8164,True
21350,19,19,0.6554,True,19,0.8201,True
64917,4,4,0.484,True,4,0.7575,True
45045,10,10,0.3399,True,24,0.4775,False
31230,16,16,0.6603,True,16,0.8616,True
158437,28,28,0.9827,True,28,0.9393,True
163987,6,24,0.4519,False,24,0.3278,False
16981,24,16,0.4478,False,16,0.4338,False
57946,28,28,0.9713,True,28,0.9904,True
30922,16,16,0.4614,True,16,0.5432,True
165699,13,27,0.4884,False,27,0.2577,False
167086,16,16,0.818,True,16,0.9699,True
2987,5,5,0.3621,True,5,0.4711,True
12732,16,16,0.9,True,16,0.9849,True
62332,16,16,0.9519,True,16,0.9787,True
73266,24,24,0.8002,True,24,0.8256,True
101705,24,24,0.6015,True,24,0.7893,True
32301,16,16,0.8065,True,16,0.944,True
84602,10,23,0.6385,False,23,0.5881,False
168145,24,34,0.3029,False,39,0.3163,False
22843,2,2,0.7022,True,2,0.949,True
51615,27,27,0.5885,True,27,0.8926,True
96378,27,27,0.3995,True,27,0.364,True
5556,24,24,0.7692,True,24,0.7132,True
163901,24,24,0.2532,True,34,0.5146,False
92069,24,24,0.3626,True,24,0.4705,True
89078,24,24,0.7794,True,24,0.6257,True
125493,16,16,0.9634,True,16,0.9339,True
106018,16,16,0.9992,True,16,0.9128,True
126741,22,24,0.3494,False,24,0.4437,False
81953,16,16,0.5194,True,16,0.6377,True
106175,30,30,0.8704,True,30,0.976,True
68141,28,28,0.9035,True,28,0.9828,True
107766,34,34,0.5661,True,34,0.3813,True
17493,16,16,0.9968,True,16,0.983,True
154493,5,5,0.8823,True,5,0.5839,True
41854,16,24,0.2983,False,24,0.5335,False
152310,23,23,0.9838,True,23,0.9377,True
144395,28,28,0.5536,True,4,0.4912,False
34751,16,16,0.6795,True,16,0.7567,True
138719,27,16,0.4305,False,16,0.6085,False
56594,34,34,0.7164,True,34,0.757,True
149205,34,34,0.7876,True,34,0.7401,True
89324,2,2,0.527,True,2,0.3432,True
94121,28,28,0.9693,True,28,0.976,True
30035,8,8,0.6585,True,8,0.4636,True
29766,28,28,0.9742,True,28,0.9948,True
74808,10,30,0.8817,False,30,0.8924,False
30275,24,24,0.3808,True,36,0.4888,False
93798,30,24,0.5177,False,24,0.5664,False
99359,39,34,0.4676,False,34,0.627,False
77110,16,16,0.9572,True,16,0.9728,True
105842,5,5,0.6154,True,5,0.8032,True
29040,16,16,0.347,True,16,0.6551,True
107805,16,16,0.6732,True,16,0.9633,True
16529,24,24,0.3939,True,28,0.6394,False
141284,16,16,0.926,True,16,0.7861,True
68050,30,30,0.9872,True,30,0.9116,True
132474,0,0,0.7806,True,0,0.6968,True
117445,8,8,0.7502,True,8,0.7553,True
65145,4,37,0.8408,False,4,0.3095,True
64294,19,24,0.253,False,27,0.4716,False
163204,16,16,0.9802,True,16,0.9591,True
67704,36,36,0.9998,True,36,0.9995,True
89879,17,10,0.1953,False,10,0.5081,False
15516,28,28,0.8905,True,28,0.8895,True
75215,28,28,0.579,True,28,0.725,True
19286,16,16,0.9587,True,16,0.9723,True
33011,16,16,0.4935,True,16,0.5476,True
52922,24,24,0.3104,True,24,0.4379,True
27168,16,10,0.3612,False,34,0.1678,False
161878,29,19,0.3081,False,19,0.4426,False
15753,16,16,0.9278,True,16,0.9721,True
86272,24,24,0.8086,True,24,0.8106,True
27516,23,23,0.2862,True,23,0.5615,True
77877,34,34,0.7812,True,34,0.8918,True
31468,9,9,0.5383,True,36,0.4166,False
134234,36,9,0.2585,False,9,0.2266,False
108087,0,34,0.2488,False,24,0.3176,False
110244,30,30,0.4521,True,30,0.8381,True
16086,28,28,0.9999,True,28,0.9943,True
160659,27,27,0.5819,True,27,0.5713,True
165582,16,16,0.6892,True,16,0.9279,True
59721,10,30,0.5925,False,30,0.7555,False
132190,24,24,0.4818,True,24,0.633,True
127163,24,24,0.2267,True,24,0.3985,True
152607,26,19,0.4265,False,26,0.4494,True
109346,16,16,0.9909,True,16,0.9371,True
94905,24,24,0.7363,True,24,0.6934,True
150223,24,24,0.2845,True,24,0.4711,True
119945,27,9,0.2284,False,0,0.2116,False
32404,5,24,0.5508,False,24,0.7005,False
126277,16,16,0.5741,True,16,0.9259,True
140845,16,16,0.6899,True,16,0.9354,True
4221,4,4,0.5889,True,4,0.9368,True
133914,34,34,0.9299,True,34,0.9137,True
7707,34,34,0.4973,True,24,0.5427,False
62660,22,22,0.5117,True,22,0.5292,True
117146,37,37,0.7365,True,37,0.487,True
114521,34,34,0.5262,True,24,0.4107,False
43644,9,9,0.6243,True,9,0.4978,True
80333,24,24,0.6609,True,24,0.7545,True
158558,5,5,0.7589,True,5,0.4139,True
25462,28,28,0.9061,True,28,0.8623,True
98553,17,16,0.3025,False,24,0.3963,False
109292,8,8,0.9216,True,8,0.937,True
30732,7,7,0.4557,True,7,0.4378,True
113939,4,4,0.6093,True,4,0.889,True
79216,10,10,0.997,True,10,0.9485,True
25375,16,16,0.8493,True,16,0.8945,True
108711,28,28,0.9992,True,28,0.9924,True
66826,16,16,0.3632,True,24,0.4076,False
120869,30,30,0.9569,True,30,0.9639,True
83000,14,14,0.371,True,14,0.7231,True
80950,22,22,0.6394,True,23,0.4546,False
158842,28,28,0.8989,True,28,0.9939,True
148234,16,16,0.9903,True,16,0.9119,True
126921,31,1,0.4527,False,30,0.6392,False
